x1::OSD,x2::Dint,x3::L,x4::tm,x5::hs2,x6::wt,x7::Nt,x8::Nh,m1::Drot,m2::Dsh,m3::he,m4::Rmag,m5::Rs,m6::GFF,p1::W,p2::Tnom,p3::nnom,p4::GFF,p5::BSP_T,p6::BSP_n,p7::BSP_Pm,p8::BSP_Mu,p9::BSP_Irms,p10::MSP_n,p11::UWP_Mu
59.4,24.056,29.200001,2.1212445,10.249868,2.5693012,12,3,23.056,11.940368142857144,7.422132000000001,10.997688875,22.277867999999998,22.423592754767352,0.6747987,0.11,3960.0,24.67578,0.4128522,4913.5479,212.43125,87.07682,7.5581356,5737.1407,88.799881
54.72,32.0528,22.960001,2.4569264,7.7971238,2.1238131,18,3,31.052799999999998,16.98100434285714,3.5364762000000027,14.912168399999999,23.823523799999997,34.12153830146644,0.5355536,0.11,3960.0,42.65237,0.5381888,3806.5372,214.53262,83.929471,7.5534568,4325.1237,83.402341
48.84,21.9616,25.12,3.0320726,6.9729088,2.557345,14,3,20.9616,8.622711942857144,6.466291200000001,9.72278185,17.9537088,49.140854321728824,0.4876188,0.11,3960.0,57.017278,0.3809195,5161.0967,205.87507,87.040314,7.5540946,6293.4336,91.343493
59.76,27.1024,29.680002,3.2495348,8.1415037,4.8021381,10,3,26.1024,11.859787542857141,8.1872963,12.2388163,21.6927037,34.09139148814517,0.7498443,0.11,3960.0,37.444871,0.4291272,4961.4144,222.95651,89.363697,7.5540988,5615.5112,91.807847
55.08,35.0992,23.440001,2.0852168,5.6887597,4.35665,16,3,34.0992,19.900423542857148,4.301640299999995,16.528295800000002,23.238359700000004,54.639550900479385,,0.11,3960.0,,,,,,,,
55.224,31.55776,17.632002,2.8368786,7.8592662,3.907924,16,3,30.55776,15.86749994285714,3.973853799999997,14.56966035,23.6381462,38.99561274017361,0.4608045,0.11,3960.0,45.695338,0.4877786,4143.4715,211.64874,86.913307,7.5499464,4911.1545,90.340426
58.824,38.22176,22.432001,2.1163255,6.6371027,3.6549013,16,4,37.22176,22.06860614285715,3.6640172999999976,18.081798625,25.7479827,48.79905903578401,,0.11,3960.0,,,,,,,,
55.464,25.65536,27.952002,3.0890722,9.7870234,3.396482,15,5,24.65536,11.147112742857143,5.117296599999996,11.555411950000002,22.614703400000003,53.33028815377057,0.6836921,0.11,3960.0,58.520111,0.9273295,3119.3943,302.92349,84.311072,12.578247,4277.6564,91.21023
59.064,32.31936,32.752001,2.3685191,8.5648599,3.1434593,14,6,31.319360000000003,17.348218942857144,4.807460099999997,15.067550225000002,24.724539900000003,53.10658094152281,0.87578,0.11,3960.0,62.781487,1.4808242,2575.2976,399.35538,85.069033,15.107005,3110.6629,
52.584,25.08416,24.112,3.0636134,9.1885672,3.1791345,5,8,24.08416,10.790030342857143,4.561352800000002,11.27617665,21.7306472,30.76002715552298,0.5051515,0.11,3960.0,34.11949,0.405016,13731.718,582.40576,91.56188,20.140689,10000.0,89.78213
55.584,34.60416,18.112002,2.465169,5.750902,3.140761,14,3,33.60416,18.786919142857144,4.7390180000000015,16.18578775,23.052982,40.26955339856747,0.4810503,0.11,3960.0,55.542839,0.4514177,4762.5104,225.13508,88.159095,7.5501829,5317.8261,89.181329
59.904,23.56096,23.872002,2.5011967,10.31201,4.3534121,10,3,22.56096,10.826863742857146,7.85951,10.655180825,22.09249,26.380232056172805,0.6106266,0.11,3960.0,27.898023,0.2835331,7299.7073,216.73942,89.538817,7.5412582,8431.6126,89.948623
54.648,21.92352,10.864001,2.8310955,11.711871,2.3481761,17,3,20.92352,8.997466142857142,4.650369000000001,9.753986125,22.673631,27.60498894217516,0.3145731,0.11,3960.0,29.684505,0.1878155,9787.6147,192.50275,86.180441,7.5535413,10000.0,82.496947
58.848,25.73152,26.464,3.4901622,7.7744697,4.1712002,12,4,24.73152,10.399332742857142,8.7837703,11.49321945,20.6402297,54.93673984899017,0.7092778,0.11,3960.0,61.203469,0.574377,4614.1377,277.534,88.334626,10.070908,5615.4372,92.717532
55.608,22.11392,22.144002,2.3398698,9.4228994,3.302408,13,4,21.11392,10.115917542857142,7.324140599999996,9.97199255,20.479859400000002,45.6017878971812,0.5506915,0.11,3960.0,49.351364,0.4210546,5797.1404,255.61175,87.516081,10.069986,7617.5819,91.751137
59.208,28.77792,26.944,3.1184525,5.6661055,3.4040372,10,4,27.77792,13.318752142857145,9.548934499999998,13.109346875,20.0550655,51.48274257715627,,0.11,3960.0,,,,,,,,
59.808,25.92192,37.744001,2.9989365,5.4854986,2.1254321,7,6,24.92192,11.517784142857145,11.4575414,11.711225875,18.4464586,51.40763006664505,,0.11,3960.0,,,,,,,,
58.992,22.19008,20.656,2.741824,9.9449762,3.7224742,12,4,21.19008,9.366409142857144,8.455983800000002,9.909583999999999,21.040016199999997,42.12433587309079,0.5706222,0.11,3960.0,44.92812,0.3657968,6817.2286,261.14177,88.547964,10.070383,8768.2816,91.364111
55.512,24.47488,36.016002,2.8393381,9.6656487,3.365124,14,3,23.47488,10.803380942857144,5.852911300000002,11.027605475,21.903088699999998,31.919247903370255,0.7439998,0.11,3960.0,34.867808,0.6337547,3046.5802,202.19128,84.520799,7.5535428,3783.4592,
56.112,21.61888,16.816002,2.7189578,6.9504113,2.4411708,9,4,20.61888,9.004141542857143,10.2961487,9.62970055,17.7598513,42.084625273767514,0.4518918,0.11,3960.0,48.915056,0.2107113,13074.86,288.50515,90.842625,10.070164,10000.0,87.074229
59.712,28.28288,21.616001,3.4984047,5.7282479,2.1881481,9,4,27.28288,12.205247742857141,9.986312100000003,12.766838824999999,19.8696879,38.30760286664873,0.6041744,0.11,3960.0,51.283867,0.3309683,8847.8697,306.65764,89.544791,10.071352,9470.582,88.065462
59.352,25.23648,21.136001,2.3701144,7.836612,2.9553112,10,4,24.23648,12.285828342857142,9.221148,11.5257114,20.454852,36.637354535163965,0.5776563,0.11,3960.0,42.092181,0.3626957,7613.3811,289.16694,90.197947,10.068724,8800.3451,90.864347
56.952,36.66048,37.936001,2.8507712,6.1629315,4.0075041,9,6,35.66048,19.484514742857144,3.9828285,17.1175472,24.4931715,49.79272099922703,,0.11,3960.0,,,,,,,,
48.696,25.50304,30.928,2.2808429,6.0697177,4.3296093,5,6,24.50304,12.654771342857142,5.5267623000000015,11.681309274999998,18.821237699999998,51.40387689146154,0.5703892,0.11,3960.0,59.557689,0.4077077,10798.037,461.02277,93.029015,15.107108,10000.0,92.218841
58.896,24.55104,34.528001,3.2412922,10.187725,3.7851902,13,3,23.55104,10.053872742857143,6.984755,10.96519695,22.463245,29.51573117618781,0.7954605,0.11,3960.0,31.762243,0.5678965,3464.7355,206.04778,85.716107,7.5556128,4230.3577,90.511767
59.496,21.69504,15.328001,3.1217762,10.007119,2.5065851,11,5,20.69504,8.252904742857144,8.893361000000002,9.56707595,20.854639,38.83827329378106,0.4718622,0.11,3960.0,42.368114,0.2901139,10657.149,323.77118,89.54605,12.57028,10000.0,88.858709
58.536,21.50464,34.048001,2.1138661,14.83072,4.1977013,17,4,20.50464,10.13272494285714,3.684960000000004,9.723853474999999,25.583039999999997,35.31547874761018,0.7786543,0.11,3960.0,36.276224,0.8083025,2303.527,194.98259,77.393211,10.071913,3911.5349,
50.976,28.93024,23.968001,2.4253856,5.5814657,4.503752,7,4,27.93024,14.813685942857143,5.441414299999998,13.358773600000001,20.0465857,45.319964668628245,0.5010507,0.11,3960.0,55.252524,0.3466283,8504.9969,308.72143,92.037213,10.063265,9236.6044,91.563284
49.9248,23.842752,15.3664,2.7913654,7.8614377,3.5018406,15,3,22.842752,10.447806342857143,5.1795863,10.723534650000001,19.7828137,48.83540500499202,0.3655368,0.11,3960.0,54.577275,0.2799283,6981.2698,204.64914,88.016742,7.5454939,8578.0591,89.706869
56.6448,25.175552,34.326401,2.3480325,7.8981724,4.6320493,10,4,24.175552,12.286472142857143,7.8364516,11.500767875,20.485948399999998,51.487625709014296,0.8026524,0.11,3960.0,56.275073,0.6005292,4502.8853,283.17415,88.78444,10.071391,5374.3871,92.488971
57.9648,28.412352,16.0864,2.9833688,8.4315762,2.528422,25,3,27.412352,13.32779954285714,6.344647799999997,12.960333799999999,22.6377522,51.16215691155047,0.5026497,0.11,3960.0,60.054467,0.5426725,3423.0073,194.52448,81.934448,7.5534981,4251.8069,90.623132
56.2848,22.129152,33.846401,2.7197421,10.006537,2.3992124,11,4,21.129152,9.367052942857145,7.071286999999998,9.884640475000001,21.071113,29.931237036241203,0.7156452,0.11,3960.0,32.812178,0.5299151,4935.7336,273.89661,87.274847,10.078803,5959.7105,89.364152
59.8848,28.793152,38.646401,2.0000533,11.319003,4.7915377,13,6,27.793152,15.566430542857143,4.226821000000001,13.396562675,25.715578999999998,49.405682964453284,0.9866688,0.11,3960.0,52.701743,1.529815,2183.9473,349.8724,82.953112,15.08005,3131.8782,
57.1488,24.680512,28.998401,2.7271205,5.4256843,3.7708122,6,3,23.680512,11.174696142857144,10.8084597,11.158475875,17.7659403,33.03580412384571,0.6837436,0.11,3960.0,39.915776,0.2193384,10199.129,234.26446,91.869124,7.5527789,10000.0,89.991325
56.7888,21.634112,28.518402,3.0996943,10.068679,4.1833233,10,4,20.634112,8.253548542857143,7.508665000000004,9.542132424999998,20.885734999999997,39.507198533096826,0.6698784,0.11,3960.0,41.589629,0.4070397,6329.0571,269.7767,88.955126,10.070296,7889.5502,91.730382
58.1088,24.870912,10.278401,2.2350306,10.602083,2.079696,25,3,23.870912,12.294875942857143,6.016860999999999,11.37669835,23.037539000000002,40.18094437000961,0.3737599,0.11,3960.0,44.676943,0.26808,6531.2838,183.35452,82.637324,7.5534557,8147.9829,86.92581
55.8528,32.753472,21.2704,3.4656209,6.0296475,3.3907384,13,4,31.753472000000002,15.464095342857146,5.5200165000000005,15.010330775000002,22.4063835,52.204186227018425,,0.11,3960.0,,,,,,,,
51.8928,23.043072,15.9904,3.0578836,9.3601751,4.4109242,15,3,22.043072,9.34356994285714,5.064688900000004,10.2570651,20.881711099999997,48.32902485698186,0.3960881,0.11,3960.0,51.366703,0.2799143,6752.8606,197.94363,87.472436,7.5531174,8600.202,89.669044
59.0928,36.371072,25.590399,3.1167774,6.9158482,3.9048787,14,4,35.371072,18.74578234285714,4.4450158,16.906341649999998,25.1013842,44.62773266007014,0.6991456,0.11,3960.0,56.491563,0.9685851,2841.753,288.239,86.948721,10.064119,3298.5618,
59.6928,33.515072,36.3904,2.9972614,6.7352412,2.6262737,11,6,32.515072,16.944814342857146,6.353622799999997,15.508220650000002,23.492777200000003,50.705835237471554,,0.11,3960.0,,,,,,,,
59.4768,26.927232,30.1024,2.6206328,11.014112,2.9447107,13,7,25.927232,12.99247154285714,5.260672,12.3084578,24.477728,48.39841242893248,0.8080529,0.11,3960.0,53.128296,1.182163,3472.4718,429.87748,85.508132,17.624785,4397.106,88.67478
55.9968,29.212032,15.462401,2.7172827,8.200154,2.9420124,13,4,28.212032,14.431171742857144,5.192229999999999,13.426695325,22.80617,37.88307691391726,0.4333613,0.11,3960.0,44.464584,0.4017495,6882.7831,289.56629,89.055075,10.060567,7834.03,90.124222
59.5968,35.876032,20.2624,3.4967296,6.9779905,2.6889897,13,5,34.876032,17.632277942857144,4.882393499999999,16.563833600000002,24.9160065,44.703014579658145,0.6088606,0.11,3960.0,58.897638,0.7184444,4968.6435,373.81748,88.25983,12.5891,5481.6301,85.699052
56.2368,23.309632,25.782401,2.9694763,10.127911,2.4305704,12,6,22.309632,9.710784542857143,6.335673,10.412446925000001,21.782727,46.02313806377847,0.6392931,0.11,3960.0,50.674061,0.6698035,5464.0512,383.25762,87.495023,15.106992,6725.261,90.659168
59.2368,32.829632,19.7824,2.3684392,9.0863547,3.4561527,14,5,31.829631999999997,17.712858742857136,4.117229300000005,15.322706199999999,25.501170699999996,41.95179103295547,0.5800348,0.11,3960.0,48.699958,0.7902327,4194.7327,347.12661,87.57619,12.589203,4933.6028,88.385845
59.8368,29.973632,30.5824,2.2489232,8.9057477,2.1775476,12,7,28.973632,15.91189074285714,6.025836300000002,13.9245852,23.892563699999997,48.258439363885245,0.8337125,0.11,3960.0,57.150352,1.0628001,4336.8675,482.67671,87.057898,17.624673,5028.3471,84.65042
56.3568,32.258432,15.942401,2.3455731,6.0917898,2.1748494,11,4,31.258432,17.350590942857146,5.9573941999999995,15.042822724999999,22.2210058,37.59313356545261,0.4493699,0.11,3960.0,51.51405,0.3083752,9282.8176,299.76982,87.898531,10.07133,9851.0672,85.813139
52.9008,22.052992,35.334399,2.3151954,11.880568,3.043102,5,7,21.052992,10.121746342857142,3.543336,9.94769715,22.907064,20.648026868485026,0.6079003,0.11,3960.0,21.912459,0.4342382,10890.396,495.22242,90.375993,17.623104,10000.0,88.290697
56.5008,28.716992,10.134401,3.0963707,5.7276659,2.0807753,9,3,27.716992,13.319395742857145,8.164238099999999,13.084403325,20.0861619,27.818732681892673,0.3199944,0.11,3960.0,37.65589,0.1045366,19676.101,215.39526,83.794887,7.5526582,10000.0,
59.6208,23.385792,24.294401,3.3722946,13.184618,2.4959847,14,7,22.385792,8.959547942857142,4.932886000000003,10.34982235,24.877513999999998,42.98843050478032,0.6738429,0.11,3960.0,45.841182,0.7960331,4605.5765,383.92266,84.471692,17.624655,6141.7469,89.795446
59.7408,32.334592,14.454401,2.7483914,9.148497,2.2402637,13,5,31.334592,16.599354342857147,4.554607000000001,14.98019815,25.315793,33.74182252172652,0.4621126,0.11,3960.0,40.290334,0.4162414,8411.6807,366.65422,87.642662,12.587941,9294.4817,85.157079
59.8608,41.283392,34.614401,2.1244882,5.1123756,4.9845427,12,3,40.283392,24.239160742857145,4.176328399999999,19.61057395,25.7540716,40.25005248994672,0.8965048,0.11,3960.0,58.279507,0.9697756,2161.3958,219.49982,86.68003,7.5530585,2478.4534,
55.7808,22.624192,39.174401,2.3406541,12.479025,3.2604495,15,5,21.624192,10.478828942857144,4.099278999999999,10.226932475,23.791121,41.492552635020935,0.8296746,0.11,3960.0,43.794448,1.0863989,2363.4899,268.88815,79.936643,12.58826,3607.5668,
59.3808,29.288192,13.9744,3.1201011,11.256861,3.0074267,15,5,28.288192,13.679934942857143,3.789443000000002,13.364070725,25.900957,35.853207977484594,0.4532548,0.11,3960.0,39.662631,0.5066426,6314.8229,335.03601,87.428158,12.589169,7510.444,89.352785
57.1296,29.912704,13.7728,2.2259771,6.4326776,4.2089378,9,5,28.912704,15.914262942857144,7.175770400000001,13.899857725,21.3890296,53.9688920518548,,0.11,3960.0,,,,,,,,
57.7296,27.056704,24.5728,2.1064611,6.2520706,2.9303327,6,7,26.056704,14.113294942857141,9.084377399999997,12.501736725,19.7804226,47.49708059762462,0.645772,0.11,3960.0,58.724423,0.4776058,10454.223,522.86553,92.472132,17.621902,10000.0,91.544633
53.5296,23.248704,38.972801,2.9465302,7.6548411,4.4619605,9,4,22.248704,9.713156742857144,7.4856069000000005,10.38771945,19.2791931,53.05695748651693,0.8050658,0.11,3960.0,57.687716,0.554993,4913.6473,285.57497,89.139055,10.073341,5814.7382,92.497204
45.8496,21.725504,38.7328,2.382169,8.0753653,2.6829087,11,3,20.725504,9.753879142857144,3.9866826999999994,9.767209750000001,18.938117300000002,32.6800745888368,0.5600377,0.11,3960.0,36.647378,0.452162,4448.2038,210.62376,86.821533,7.5460646,5283.3238,89.813722
57.3696,24.010304,24.0928,2.4781707,8.3604348,3.6974957,7,7,23.010304,11.193875742857145,8.319213199999997,10.885609325,20.365586800000003,50.223880148814125,0.6310376,0.11,3960.0,55.364608,0.4818156,9641.5336,486.46948,91.98468,17.623163,10000.0,92.382854
53.8896,26.295104,39.452801,2.5748206,5.5464769,3.6947975,7,4,25.295104,12.632575942857141,8.250771100000001,12.003846849999999,18.6940289,44.52579888031675,0.8152145,0.11,3960.0,54.694684,0.5092863,5711.7562,304.62132,91.058298,10.059845,6311.0558,91.710355
54.0336,22.753664,33.644801,3.3264824,7.7169834,3.2460715,7,5,21.753664,8.599652342857144,7.9229845999999995,10.0452114,19.0938154,39.243469374285844,0.7032791,0.11,3960.0,43.957592,0.4470003,7833.7732,366.69709,91.207637,12.588394,8968.2585,91.471131
57.0336,32.273664,27.6448,2.7254454,6.6754269,4.2716538,10,3,31.273663999999997,16.60172634285714,5.704541100000004,14.955470649999999,22.812258899999996,31.0492403970763,0.6520917,0.11,3960.0,37.658241,0.4909753,4383.416,225.37251,89.282225,7.5425287,4873.1267,89.439824
57.6336,29.417664,38.444801,2.6059293,6.4948199,2.9930487,7,5,28.417664,14.800758542857142,7.6131481,13.557349675,21.2036519,34.42186446048927,0.8810314,0.11,3960.0,43.004439,0.6938634,5253.7705,381.74527,90.647694,12.60341,5761.6793,87.840119
53.4336,25.609664,22.844801,3.4459985,7.8975904,4.5246765,10,3,24.609664,10.400620142857143,6.0143775999999995,11.443332374999999,20.7024224,36.61039439787538,0.5059306,0.11,3960.0,40.255642,0.305193,6984.2591,223.21506,90.128355,7.5469267,7867.9475,90.896898
57.2736,26.371264,37.9648,2.977639,8.6031841,3.7602118,9,5,25.371264,11.881339142857144,6.847983900000003,11.94122225,21.7888161,39.68135601035146,0.8624919,0.11,3960.0,44.188894,0.7921103,4266.2795,353.88617,89.026214,12.576502,5069.8984,90.263495
57.8736,23.515264,18.764801,2.8581229,8.4225771,2.4816067,6,8,22.515264,10.080371342857141,8.756590900000003,10.543101275,20.1802091,39.67824036472761,0.5219846,0.11,3960.0,45.007818,0.3412095,15949.598,569.90114,91.760746,20.142678,10000.0,89.87631
53.0736,22.563264,22.3648,2.3177081,10.005955,2.2918396,12,3,21.563264,10.481200942857145,5.2492129999999975,10.202204975,21.287587000000002,23.623021531801534,0.451048,0.11,3960.0,26.025428,0.2872313,7078.2062,212.90386,87.703266,7.5535424,8160.1366,87.934728
54.3936,25.800064,34.124802,2.9547728,5.6086192,2.4789084,6,5,24.800064,11.51907154285714,8.6881488,11.6613388,18.5086512,38.12171220280717,0.7290598,0.11,3960.0,49.157253,0.4417779,8345.9109,386.10583,91.378509,12.587963,8983.1623,89.810539
51.6576,21.687424,24.4768,2.1805437,5.9133542,3.4892967,5,4,20.687424,10.129929742857144,9.0717338,9.798576075,16.7570662,37.05393487383822,0.5037054,0.11,3960.0,42.893126,0.1708848,17280.064,309.22707,92.223103,10.070354,10000.0,86.883625
58.8576,35.015424,34.0768,2.2407339,7.270973,3.9521374,23,3,34.015424,19.529549342857145,4.650114999999996,16.447528525000003,24.778685000000003,54.573850627189415,,0.11,3960.0,,,,,,,,
57.1776,28.732224,21.8368,3.476243,6.3113029,4.1775798,8,4,27.732224,12.570531142857142,7.9113851,12.997051249999998,20.6774149,41.53850588804321,0.564206,0.11,3960.0,49.558132,0.3608493,8079.9738,305.32643,91.702137,10.06162,8881.2755,91.693014
57.7776,25.876224,32.6368,3.356727,6.130696,2.8989747,5,4,24.876224,10.769563142857145,9.819992,11.59893025,19.068808,24.36789140585681,0.7504346,0.11,3960.0,29.962533,0.2852121,10351.924,309.18443,90.986042,10.070354,10000.0,89.247369
50.6976,21.497024,13.1968,2.6726336,10.736956,2.1812771,15,6,20.497024,9.009749942857141,3.8633320000000033,9.5803536,21.485467999999997,54.83624950558168,0.3864269,0.11,3960.0,59.638716,0.3532842,8865.8196,327.9984,86.183165,15.105592,10000.0,89.553443
57.4176,22.829824,32.1568,2.2284366,8.2390602,3.6661377,7,5,21.829824,10.850143942857141,9.054827800000002,10.357802849999999,19.6539722,38.9242232598435,0.7547397,0.11,3960.0,42.681139,0.4286152,8107.652,363.90769,91.358358,12.589255,9367.7681,91.760529
52.7376,30.826624,25.9168,2.5641186,5.7863162,3.2206496,12,4,29.826624,15.890779942857142,5.169171800000001,14.27228235,21.1996282,53.3555525315734,,0.11,3960.0,,,,,,,,
52.8816,27.285184,20.1088,3.3157804,7.9568227,2.7719236,13,5,26.285184,11.857856342857144,4.841385299999999,12.3136469,21.5994147,51.81176053503085,0.5010385,0.11,3960.0,60.636516,0.5981214,5565.2703,348.58142,88.50423,12.589212,6504.8328,90.711126
55.4016,24.809984,23.468801,2.2129488,10.663643,3.7564342,24,3,23.809984,12.295519542857143,4.6321650000000005,11.3517548,23.068635,49.977066439585656,0.5890366,0.11,3960.0,53.61616,0.7159443,2199.8932,164.93371,77.432302,7.556081,3328.8592,
59.0016,31.473984,28.268801,2.9923957,9.4414795,3.5034114,24,3,30.473984,15.496625742857145,4.322328500000001,14.488893075,25.1784715,43.30869144908257,0.7376212,0.11,3960.0,49.394724,1.139805,1563.8549,186.66188,77.868259,7.5529151,2053.6073,
57.3216,25.190784,16.0288,2.7279048,8.4818095,3.7288537,8,3,24.190784,11.537607542857142,7.583598499999997,11.413415800000001,21.0772015,22.772232022721774,0.420116,0.11,3960.0,25.231896,0.1630839,13245.532,226.20861,90.304337,7.5535154,10000.0,85.450693
57.9216,22.334784,26.828801,2.6083888,8.3012025,2.4502487,5,5,21.334784,9.73663954285714,9.492205499999997,10.0152948,19.468594500000002,22.1328298493994,0.6236425,0.11,3960.0,24.979314,0.2359718,15119.758,373.62303,90.138082,12.586741,10000.0,87.725716
52.5216,24.238784,19.6288,2.18749,10.065187,3.5390867,14,5,23.238784,11.938437142857142,4.076221,11.0725195,22.184579,52.31849089299211,0.4876888,0.11,3960.0,56.571226,0.5614105,5042.2147,296.43569,86.398846,12.58808,7095.8829,91.623336
53.1216,21.382784,30.4288,2.067974,9.8845799,2.2604816,11,7,20.382784,10.137469142857144,5.984828100000001,9.6743985,20.5759719,53.818785394778736,0.6779263,0.11,3960.0,59.02965,0.7342214,5426.6076,417.23821,86.967094,17.62475,6985.701,91.075406
53.2416,30.331584,20.5888,2.9440708,5.8484585,2.0047606,11,5,29.331584,14.777275542857142,5.6065495,13.9297743,21.0142505,51.555812202000375,,0.11,3960.0,,,,,,,,
59.3616,34.520384,28.748801,2.6206861,7.3331154,2.7362484,22,3,33.520384,18.41604494285714,5.087492600000001,16.105020475,24.5933074,44.81708550570996,0.7706751,0.11,3960.0,57.140043,1.0276532,1887.8168,203.15853,80.305277,7.5534914,2305.8536,
51.1056,23.362944,21.7408,2.0511899,8.5072171,4.382756,12,3,22.362944,11.58543734285714,5.364110900000004,10.668674525,20.188689099999998,43.73608045006712,0.4625506,0.11,3960.0,47.074924,0.3066136,6563.9855,210.75974,88.802375,7.5550717,7853.0065,90.742532
59.7456,25.076544,33.2608,2.1228131,6.3621182,2.4853842,16,3,24.076544,12.666190942857142,10.972409800000001,11.507568724999999,18.9003902,53.75796565360507,,0.11,3960.0,,,,,,,,
54.6144,25.129856,29.219201,2.705823,8.5433698,2.4055919,7,9,24.129856,11.538251142857142,6.198902199999999,11.38847225,21.108297800000003,47.09362378203404,0.6761977,0.11,3960.0,54.013622,0.730678,8356.0682,639.37642,91.244334,22.65834,9444.4136,89.488512
56.5344,25.510656,21.779201,3.2216432,8.8961666,2.0233595,19,4,24.510656,10.778610742857142,6.6157053999999995,11.4499172,21.6514946,50.072304291938664,0.585814,0.11,3960.0,57.738842,0.5977272,4164.969,260.70141,83.766942,10.070394,5020.907,89.317814
58.4544,25.891456,14.3392,2.2374635,9.2489635,4.6411271,6,5,24.891456,13.018970142857142,7.032508499999999,11.886362125000002,22.1946915,29.127741664911984,0.4187682,0.11,3960.0,31.356875,0.1882947,18898.906,372.65184,91.580971,12.58919,10000.0,86.260932
54.3744,31.032256,18.899201,2.4536294,6.6156126,2.917034,8,7,30.032256,16.25863834285714,5.0554594,14.402720650000001,22.1317406,49.93703421325869,0.5030774,0.11,3960.0,63.253133,0.5535993,9102.9714,527.7246,91.540435,17.623148,10000.0,89.975384
56.1744,22.464256,21.2992,2.0933529,11.004531,2.7905226,21,4,21.464256,10.859191342857144,5.850541,10.208789775,22.236659,52.32743827341403,0.5757063,0.11,3960.0,56.331386,0.6257159,3260.8314,213.66539,80.042741,10.070452,4813.7978,92.035772
59.7744,29.128256,26.0992,2.8727998,9.7823673,2.5374998,21,4,28.128256,14.060297542857144,5.540704699999999,13.34592805,24.3464953,45.95431224083571,0.7239342,0.11,3960.0,52.544158,0.9788726,2476.0445,253.81264,80.965699,10.0713,3086.4567,
58.0944,22.845056,13.859201,2.6100373,13.891958,2.0536382,10,6,21.845056,10.097822542857141,3.732713999999998,10.270018675,25.314486000000002,23.374508920738162,0.3839523,0.11,3960.0,24.917443,0.2633468,14131.798,389.72129,87.445197,15.106957,10000.0,85.616692
54.1584,24.444416,12.611201,2.0770009,10.894483,3.235471,10,7,23.444416,12.306295342857144,3.9625090000000007,11.202957775,23.116691,43.719810643669774,0.3866268,0.11,3960.0,47.180856,0.3536693,11386.417,421.70914,89.521894,17.623137,10000.0,89.592663
54.2784,33.393216,32.771201,2.9530976,6.8583618,2.97975,10,5,32.393216,16.946101942857148,3.584230199999997,15.458333600000001,23.554969800000002,39.48653394043396,0.7134482,0.11,3960.0,50.472565,0.9223763,3899.5159,376.65822,88.647938,12.597178,4339.1442,83.419921
50.6784,26.729216,27.971201,2.1727865,5.5458949,3.5874247,8,3,25.729216,13.746724142857142,6.428697100000001,12.321411375,18.9105029,36.43510135414135,0.5422286,0.11,3960.0,45.215924,0.3108905,7054.6531,229.67393,90.810085,7.5527834,7703.2609,90.820043
58.5984,22.350016,38.531201,2.9891253,11.41947,4.1924011,6,5,21.350016,8.986046542857144,6.704721999999997,9.927726675,22.594478000000002,23.13558114024771,0.8385503,0.11,3960.0,24.198212,0.4255811,8129.3235,362.29755,90.846019,12.57454,9346.9584,90.101824
54.5184,27.490816,13.091201,3.2052912,8.7861191,2.4683079,9,7,26.490816,12.225714742857143,4.727672900000002,12.4440852,22.531527099999998,41.7602462430943,0.3934077,0.11,3960.0,48.344264,0.3536981,13549.23,501.85235,90.342898,17.624837,10000.0,89.008529
59.9184,25.586816,20.2912,2.1244616,11.952874,2.0887738,21,5,24.586816,13.027373942857142,5.212917999999998,11.762292599999999,24.746282,46.46631181170069,0.6187401,0.11,3960.0,50.959161,0.6772874,3954.8077,280.4962,80.755367,12.590262,4889.2577,88.891811
54.0624,26.805376,26.4832,2.5756049,8.6026021,3.652839,9,4,25.805376,12.995487342857142,5.0259098999999985,12.258786774999999,22.0052901,30.49886182301249,0.5626379,0.11,3960.0,34.160442,0.4451284,6296.4634,293.50169,89.879978,10.070375,7161.3977,89.877347
54.6624,23.949376,37.283201,2.4560889,8.4219951,2.3742339,7,6,22.949376,11.194519342857141,6.934516899999998,10.860665775000001,20.3966831,33.46379361686454,0.7599365,0.11,3960.0,38.195533,0.6073041,6911.0184,439.51822,90.358323,15.107044,7778.5253,88.420376
58.2624,30.613376,12.083201,3.2364,9.7344621,4.7665592,8,8,29.613376,14.393897142857142,4.0900499,13.997587999999999,25.0411501,46.4317481422762,0.4273065,0.11,3960.0,50.906278,0.4277139,12165.262,544.88325,91.247426,20.140722,10000.0,90.715858
58.5024,24.710976,22.4032,3.4877293,9.1275889,4.609769,5,8,23.710976,9.675238542857143,7.7681231,10.983555675,21.4830769,42.21954778700381,0.6037671,0.11,3960.0,45.232481,0.3782469,14696.856,582.14138,93.092643,20.140026,10000.0,91.651691
53.7024,23.758976,26.0032,2.9473145,10.710966,4.420002,11,5,22.758976,10.076068142857146,4.2607459999999975,10.642659375000001,22.590454,45.65522743504365,0.586285,0.11,3960.0,48.11437,0.5767673,5232.7221,316.0508,87.932735,12.555295,6938.1958,91.427748
54.4224,29.851776,26.9632,2.2038953,6.4942379,2.8856759,8,4,28.851776,15.914906542857144,5.7910740999999994,13.874914175,21.420125900000002,30.42566260047953,0.588609,0.11,3960.0,38.353858,0.4382107,6669.1779,306.04401,90.264419,10.075969,7242.2698,88.67384
59.8224,27.947776,34.1632,2.6239298,12.195623,2.1514899,22,3,26.947776,13.714837542857142,3.741689000000001,12.81790555,26.169511,26.50620332853631,0.7561863,0.11,3960.0,29.276916,0.8965439,2046.0474,192.09492,77.797098,7.5534469,2563.5791,
52.2864,22.883136,28.115201,2.8114465,10.420312,3.5863454,23,3,21.883136,9.72220414285714,4.281320000000001,10.238706375,21.86188,52.81444675356174,0.611188,0.11,3960.0,56.424824,0.7459068,2076.9097,162.22986,76.46538,7.5535479,3195.1358,
47.4864,21.931136,31.7152,2.2708156,6.3700316,2.7356734,11,3,20.931136,10.123465942857141,6.407600400000003,9.8978641,17.3355996,45.37706158574824,0.5440287,0.11,3960.0,53.362877,0.3776416,5439.6419,215.11899,88.385885,7.5527055,6365.5822,91.402643
56.4864,26.691136,13.715201,3.4713773,9.0175413,2.0547174,20,4,25.691136,11.122342542857142,5.880090700000004,11.977723675,22.363109299999998,49.7920280292751,0.4419335,0.11,3960.0,57.673132,0.4086325,6122.9096,262.0109,85.008233,10.070407,7343.2843,88.996501
54.2064,23.263936,20.675201,3.3272667,10.773109,3.204113,10,5,22.263936,8.962563742857142,4.6981230000000025,10.300151325,22.405077,33.292803382525996,0.4769081,0.11,3960.0,35.780683,0.3991043,7966.6092,332.9573,89.436742,12.589222,10000.0,90.464121
58.4064,27.071936,36.275202,2.4880618,11.904969,4.3178332,9,9,26.071936,13.360973542857142,3.762263000000001,12.413952550000001,25.440936999999998,47.317955695411406,0.8945775,0.11,3960.0,50.243153,1.3935086,3636.6663,530.691,87.32513,22.652057,5151.3756,87.974351
54.9264,29.356736,21.635201,2.5838475,6.5563802,4.6697869,6,5,28.356736,14.801402142857146,6.228451799999998,13.532406125000001,21.234748200000002,39.58232309430241,0.5219042,0.11,3960.0,46.226022,0.3412458,10808.337,386.23787,92.542574,12.58922,10000.0,91.408093
58.5264,36.020736,26.435201,3.3632944,5.3342168,4.4167641,6,5,35.020736,18.00250834285714,5.918615200000001,16.6695444,23.3445848,35.91767243162445,0.6828596,0.11,3960.0,48.825195,0.5378598,6927.2917,390.17659,92.071171,12.587969,7415.9029,89.348345
54.5664,26.310336,21.155201,2.9555571,8.6647444,2.4369499,8,5,25.310336,11.881982942857142,5.463287600000001,11.916278725,21.8199124,28.124081041890665,0.4810566,0.11,3960.0,32.409087,0.3568872,10037.459,375.13136,90.029544,12.586104,10000.0,88.453515
55.1664,23.454336,31.955201,2.8360411,8.4841375,4.1583448,5,7,22.454336,10.081014942857141,7.3718945,10.518157725,20.2113055,40.178997714776905,0.7051251,0.11,3960.0,43.522752,0.442087,11179.347,517.55052,92.731808,17.622271,10000.0,91.871931
58.7664,30.118336,36.755201,2.115488,7.261974,3.9053221,5,7,29.118336,16.282121142857143,7.062057999999997,14.030296,22.321142000000002,33.54955970530086,0.8762049,0.11,3960.0,39.566081,0.6872731,7422.8432,534.23001,92.388201,17.623137,8150.3335,89.19708
53.9664,29.166336,10.3552,3.0750731,8.8453514,3.715555,11,3,28.166336,13.682950942857142,3.554680600000001,13.314399725000001,23.4285194,24.491329760109817,0.2961313,0.11,3960.0,27.695421,0.1719208,12123.841,218.27158,88.014236,7.5534983,10000.0,84.076674
54.7104,22.768896,15.3472,2.2063547,8.3006205,2.3428759,6,4,21.768896,10.850787742857143,7.6701315,10.332859325000001,19.6850685,20.4385767991573,0.3719164,0.11,3960.0,23.212654,0.1268553,21868.634,290.50857,87.309167,10.070285,10000.0,80.668917
58.3104,29.432896,20.147201,2.9866658,9.6130874,4.7352012,8,6,28.432896,14.05016554285714,4.825664600000003,13.46978155,24.329535399999997,37.25235213557941,0.5499926,0.11,3960.0,40.662017,0.5125234,8052.7801,432.20338,91.252418,15.093482,9358.2403,90.665819
56.0304,26.005696,27.1072,2.841691,8.8340243,3.2392486,21,3,25.005696,11.892115142857142,6.1783277000000005,11.79242525,21.8368723,49.63469723768921,0.6624297,0.11,3960.0,55.650887,0.771483,2286.3576,184.71372,80.397625,7.5494961,3088.9499,
57.9504,26.386496,19.667201,3.3583755,11.721452,2.5023642,9,6,25.386496,11.130746142857141,4.060500000000001,11.853654125,24.9147,25.232178296058,0.4887386,0.11,3960.0,27.632195,0.4396318,9337.4381,429.87824,89.273761,15.108557,10000.0,87.450838
55.3392,23.964608,18.985601,2.8368254,11.540263,4.1163864,7,7,22.964608,10.443926342857141,4.147033,10.773097649999999,23.522567,33.56335479725868,0.4723605,0.11,3960.0,35.368032,0.3732569,11952.047,467.17407,90.945581,17.623127,10000.0,90.213198
58.9392,30.628608,23.7856,2.1162723,10.318099,3.8633636,7,8,29.628608,16.645032542857145,3.8371969999999997,14.285235925,25.632403,32.40408843398569,0.6187191,0.11,3960.0,35.928276,0.715741,7520.7588,563.69757,91.055598,20.140737,8860.7995,88.149356
59.5392,27.772608,34.585601,3.4967562,10.137492,2.5847585,30,3,26.772608,11.844064742857144,5.745804,12.51211495,24.023796,49.513361879681355,0.8972734,0.11,3960.0,55.733382,1.3352412,1181.9583,165.26865,69.923113,7.5534649,1649.0537,
51.8592,26.249408,34.345601,2.932611,6.1916743,4.4683401,5,3,25.249408,11.884355142857142,6.6132217,11.89155125,19.3163783,24.641058050673102,0.6426271,0.11,3960.0,28.490987,0.2328617,9604.7536,234.21399,91.316971,7.5527748,10000.0,89.576885
55.4592,32.913408,39.145601,2.2129222,7.5041413,3.8606653,7,5,31.913407999999997,18.083732742857144,3.7687547000000023,15.403473449999998,23.9608453,28.409840088231913,0.8062372,0.11,3960.0,34.088654,0.8094036,4436.0045,375.99815,90.0042,12.58797,4914.8747,83.839102
59.2992,33.675008,24.2656,3.2445626,8.209735,3.0962006,5,7,32.675008,16.56445194285714,4.602361000000002,15.526363349999999,25.047238999999998,22.177864259455518,0.6078744,0.11,3960.0,26.807398,0.4696521,10923.526,537.23926,89.830918,17.623088,10000.0,85.284365
51.0432,22.517568,17.2576,2.6754985,10.651152,3.0653822,10,8,21.517568,9.732980142857144,3.6116639999999975,10.089909375000001,21.909936000000002,54.72805608915604,0.4472155,0.11,3960.0,58.827285,0.5014345,8576.5509,450.35553,88.892771,20.14075,10000.0,91.242742
59.5632,39.082368,38.617601,3.3723213,6.3441201,2.3917535,5,6,38.082368,20.171334542857146,3.896295900000002,18.198103675000002,25.8853041,20.375004026575976,0.9052273,0.11,3960.0,29.418265,0.5752921,7293.0485,439.3657,85.16603,15.107078,7559.1282,70.23855
59.0832,27.087168,17.977601,2.8679341,12.488606,3.4146376,7,8,26.087168,12.612108942857143,3.509409999999999,12.326600475,26.03219,26.42612039985191,0.4873317,0.11,3960.0,28.348882,0.4587087,11268.858,541.30932,89.838465,20.125349,10000.0,88.149451
59.6832,24.231168,28.777601,2.7484181,12.307999,2.1360325,30,3,23.231168,10.811140942857143,5.418016999999999,10.928479475,24.423583,40.28872409380065,0.7374586,0.11,3960.0,43.706305,0.8551817,1791.263,160.41551,71.368161,7.554123,2425.5842,
51.4032,25.563968,17.7376,2.3037889,8.5427878,2.2982191,8,8,24.563968,12.652399342857144,4.3768281999999985,11.706036775,21.3247718,46.25073913890902,0.4377568,0.11,3960.0,53.377478,0.4408502,12143.979,560.63565,90.778272,20.142669,10000.0,89.948575
55.3872,22.784128,27.049601,2.5870912,11.418888,4.0850283,7,4,21.784128,10.100194742857143,4.882648,10.245291199999999,22.810952,20.61479518420813,0.5562352,0.11,3960.0,21.639525,0.2833853,9831.2292,291.75191,90.272877,10.0714,10000.0,88.805329
47.7072,21.260928,26.8096,2.0229461,7.4730701,2.9686099,8,4,20.260928,10.140484942857142,5.750065899999999,9.624727475,18.1035341,38.492457165640474,0.4710636,0.11,3960.0,43.207646,0.2933556,9456.8854,290.51672,90.740828,10.07037,10000.0,89.900167
58.8912,31.809088,15.721599,2.3651422,7.9048434,4.2493736,5,9,30.809088,16.990492742857143,5.6362126,14.81325845,23.8093874,37.90681429744493,0.4838674,0.11,3960.0,43.992604,0.4014056,15915.431,669.00668,92.44514,22.66055,10000.0,90.687587
57.2112,25.525888,33.481601,2.1023797,12.014434,3.765512,20,4,24.525888,13.028017742857141,3.8282220000000002,11.737349075,24.777378,44.96191105586028,0.7895501,0.11,3960.0,47.814525,1.1613414,1757.4488,213.73281,76.762019,10.071386,2713.3033,
51.8112,27.429888,26.281601,3.1823452,6.313049,4.4996981,6,5,26.429888,12.22808674285714,5.877607000000001,12.419357699999999,20.027993,44.883457583823386,0.5517726,0.11,3960.0,52.216928,0.3833801,9593.7823,385.16609,92.523068,12.578227,10000.0,91.811697
51.4512,24.383488,25.801601,2.0544869,9.6887282,3.5886709,18,3,23.383488,12.307803342857142,3.8451278,11.178122275,21.8804722,42.79528400765335,0.5325693,0.11,3960.0,46.476429,0.5738002,3107.3104,186.71274,82.74397,7.5428715,4169.668,91.022924
55.6512,28.191488,11.401601,2.7148499,9.5532731,3.3805813,6,9,27.191488,13.707077342857142,4.1765829,12.917031525,23.649017100000002,35.593812160121914,0.3666223,0.11,3960.0,39.812068,0.2933255,20300.862,623.58099,90.316397,22.658225,10000.0,88.162999
57.5712,28.572288,33.9616,3.2298059,7.3714396,3.3530009,16,3,27.572288,12.949165342857142,7.128016399999996,12.978692525,21.657583600000002,44.008796994916224,0.8112603,0.11,3960.0,51.990851,0.8355507,2335.4954,204.35274,83.655089,7.553034,2871.9077,
55.7712,37.140288,31.561601,2.0909467,5.5171517,3.1248603,6,7,36.140288,21.34688374285714,3.7983043000000016,17.547407325,24.0872957,38.74688336623006,0.7410179,0.11,3960.0,56.484009,0.8026456,6487.4635,545.28982,91.045634,17.627407,6910.7032,83.2019
51.7152,29.790848,10.153601,2.1818134,6.5557982,4.5624141,7,4,28.790848,15.915550342857145,4.406377800000001,13.84997065,21.4512222,35.29924027463805,0.287892,0.11,3960.0,41.554541,0.146248,19699.69,301.70175,90.458424,10.070331,10000.0,83.109898
55.3152,36.454848,14.9536,2.9612603,5.3336348,4.3093914,7,4,35.454848,19.116656542857143,4.096541200000001,16.987108924999998,23.561058799999998,32.410048794847725,0.4066629,0.11,3960.0,44.574456,0.2807656,10471.33,307.87496,90.698289,10.070942,10000.0,89.10508
54.8352,24.459648,24.3136,2.4568732,11.47812,2.3322754,9,7,23.459648,11.557430742857143,3.709655999999999,11.115605700000001,23.707944,31.7526831343451,0.5379042,0.11,3960.0,34.656553,0.5665783,8020.848,475.89248,89.196356,17.623132,9259.7127,87.942773
55.4352,21.603648,35.1136,2.3373571,11.297513,4.0536703,6,9,20.603648,9.756462942857143,5.6182630000000024,9.717484725,22.099337,42.91146032498984,0.7716573,0.11,3960.0,44.870742,0.6711746,7937.4392,557.88485,90.925914,22.659714,10000.0,92.043514
59.0352,28.267648,39.9136,3.116804,10.07535,3.8006476,6,9,27.267648,12.957569142857144,5.308426000000001,12.854623,24.209174,35.17488067306472,0.9324781,0.11,3960.0,38.674984,1.0830695,5620.0747,637.42197,91.175484,22.648181,6654.9789,87.251022
51.3552,26.744448,39.673601,2.553523,8.6641624,2.3295772,9,4,25.744448,12.996131142857141,3.641213600000004,12.23384325,22.036386399999998,24.507800109090276,0.66682,0.11,3960.0,28.416037,0.6016661,4728.9157,297.95161,87.74897,10.070373,5240.7934,83.624721
51.9552,23.888448,20.473601,2.434007,8.4835555,4.0509721,6,6,22.888448,11.195163142857144,5.549820499999999,10.83572225,20.4277795,39.26639079954356,0.455451,0.11,3960.0,42.771369,0.2954896,14191.035,439.12167,92.254622,15.104872,10000.0,90.250614
55.5552,30.552448,25.273601,3.2134539,7.261392,3.7979493,5,6,29.552448,14.39626934285714,5.239984,13.972860525,22.537616,27.718041555618655,0.575799,0.11,3960.0,32.931306,0.4130066,10679.731,461.89787,91.750711,15.107043,10000.0,89.436768
59.1552,37.216448,30.0736,2.4929008,6.0392285,3.5449266,5,7,36.216448,20.59737554285714,4.9301475,17.4849988,24.6474525,30.49669647547705,0.7629963,0.11,3960.0,41.662682,0.6833864,7653.6745,547.72799,91.565445,17.623143,8126.2565,84.899588
55.1952,27.506048,24.7936,2.0851635,9.3697562,4.5651124,7,7,26.506048,14.476850142857142,4.474819799999999,12.731733125,23.1227802,42.067909131892264,0.5914593,0.11,3960.0,45.725263,0.5830444,8086.6663,493.74162,91.563295,17.623157,9626.8113,90.99431
45.00096,24.50839,37.76128,3.3750082,5.1422158,2.3041222,9,4,23.50839,9.755976457142857,5.104069200000001,10.91044295,17.396410799999998,52.504816997082806,,0.11,3960.0,,,,,,,,
52.32096,22.98519,37.521281,2.8117762,9.5384629,2.3070233,14,5,21.98519,9.794440457142855,5.129422099999999,10.28965095,21.0310579,48.395374419461575,0.7505085,0.11,3960.0,53.814228,0.9273977,3241.9929,314.85216,83.690697,12.589157,4042.3953,89.023475
55.92096,29.64919,12.32128,2.0912231,8.3162994,2.0540005,14,6,28.64919,15.995546657142857,4.8195856,13.801789225,23.1408944,52.43726593300787,0.4250288,0.11,3960.0,63.24938,0.4060147,9581.7023,407.39247,87.947095,15.106841,10000.0,87.646042
52.44096,31.93399,27.681281,2.187873,5.5023415,2.0513023,13,3,30.93399,17.43424685714286,4.751143499999998,14.92002675,21.4693365,37.44159974144449,0.58685,0.11,3960.0,54.01421,0.4659393,4523.1091,220.69628,85.940807,7.5527844,4929.4848,83.686847
52.08096,28.88759,27.201281,2.5595826,7.6107056,2.8184653,15,3,27.88759,14.514827657142856,3.985979399999998,13.30389935,22.0545006,35.929195188811,0.5547864,0.11,3960.0,42.988481,0.6038207,3393.1163,214.55339,85.827323,7.549815,3937.8458,
49.94496,21.91895,28.353281,3.1667017,10.269464,2.1955966,13,5,20.91895,8.322989457142857,3.743541000000004,9.667799575,21.228938999999997,41.58125173279307,0.5404566,0.11,3960.0,45.576236,0.6072312,5027.9074,319.72011,86.090289,12.587974,6162.1531,89.583989
58.84896,29.03991,24.225279,3.3643551,11.18949,3.3039459,16,4,28.03991,13.014082657142854,3.7150350000000003,13.178866225,25.709445,32.39348822873117,0.6116131,0.11,3960.0,35.610023,0.7839997,3233.8434,265.49938,84.85622,10.071372,4001.9104,87.457097
59.44896,26.18391,35.025279,3.2448391,11.008883,2.0253408,13,6,25.18391,11.213114657142857,5.623641999999997,11.780745225,24.100838000000003,37.61075463150083,0.8459425,0.11,3960.0,41.921167,0.9828115,3877.3132,399.0522,85.116297,15.105557,4556.0009,84.275795
57.16896,22.75671,11.98528,3.1015927,5.2990804,2.8200843,5,6,21.75671,9.05160745714286,11.907044599999999,10.102956825000001,16.6774354,51.21801025581911,,0.11,3960.0,,,,,,,,
55.96896,28.46871,20.38528,3.341489,8.1949247,2.0226425,13,3,27.46871,12.65181485714286,5.555200299999999,12.89898275,22.429279700000002,25.715692921185713,0.4824875,0.11,3960.0,30.881664,0.3115784,6801.0604,221.90784,86.414486,7.5537535,7397.4971,85.156161
59.56896,35.13271,25.185279,2.6209359,6.9727613,4.7696198,13,4,34.13271,18.85292105714286,5.245363699999995,16.411121025,24.539116300000003,48.818240366742394,0.7019008,0.11,3960.0,59.023488,0.8644837,3144.4032,284.65817,87.670513,10.053179,3714.634,
59.08896,23.13751,34.545279,2.1165487,13.117247,2.7925039,15,6,22.13751,11.293695457142858,4.858477999999998,10.539617824999999,24.686002000000002,41.92790823270167,0.8404717,0.11,3960.0,44.479013,1.0893271,2807.0714,320.21405,80.998475,15.105689,4024.6787,89.283797
59.20896,32.08631,24.705279,2.9926455,9.0811254,2.5367828,14,4,31.086309999999997,15.933501857142856,4.480199600000002,14.794993624999998,25.124280399999996,30.632958944166134,0.630795,0.11,3960.0,36.278834,0.6770869,4132.9848,293.0467,86.58419,10.07038,4658.9495,84.435992
59.80896,29.23031,35.50528,2.8731295,8.9005185,4.2581777,11,6,28.23031,14.132533857142858,6.388806500000001,13.396872625,23.5156735,53.028121490912184,0.9328218,0.11,3960.0,59.108595,1.2421831,3044.2488,395.99926,87.095847,15.085573,3884.2731,
57.07296,25.11767,25.857281,2.1010609,5.5418297,2.8828003,6,4,24.11767,12.739071057142857,10.435815300000002,11.533569775,18.1006647,34.46530748078052,0.627003,0.11,3960.0,43.382232,0.2610332,11256.462,307.6991,91.664433,10.071401,10000.0,89.965716
56.47296,27.97367,15.057281,2.2214412,8.2570671,3.8067535,11,3,26.97367,14.538310457142854,5.992577900000001,12.931474699999999,22.2439021,28.811848376328925,0.4058703,0.11,3960.0,32.632019,0.2420226,8741.8223,221.55753,89.840395,7.5527749,9838.5474,88.748363
45.91296,25.87927,10.97728,3.1327014,6.2474234,2.1183355,5,7,24.87927,11.219790057142859,3.7694215999999976,11.65645965,19.1870584,36.446954393590524,0.2625901,0.11,3960.0,46.08698,0.1375759,34588.571,498.3145,84.049594,17.624566,10000.0,79.741254
56.11296,24.92727,14.577281,2.5931508,10.365431,4.5739165,13,4,23.92727,11.618891257142856,5.227414000000003,11.315347299999999,22.829065999999997,44.01608119426473,0.4246177,0.11,3960.0,46.656306,0.3256804,7650.8568,260.9338,88.651126,10.070381,9845.7439,90.323737
56.71296,22.07127,25.377281,2.4736348,10.184824,3.2953114,10,6,21.07127,9.817923257142859,7.136021000000003,9.9172263,21.220458999999998,46.833832046599795,0.6369693,0.11,3960.0,50.23382,0.5542848,6357.2273,369.00252,88.813649,15.105576,8665.1726,91.716562
59.71296,31.59127,19.37728,3.3725977,9.1432678,4.3208938,13,4,30.59127,14.819997457142858,4.9175772,14.452485575,24.9389028,36.702218950846074,0.5554682,0.11,3960.0,41.287836,0.5849247,4607.9219,282.24981,88.41581,10.052219,5470.6741,90.409964
56.83296,31.02007,15.537281,3.3497315,6.1487029,3.0395904,10,3,30.02007,14.45772985714286,6.7577421000000015,14.172602125000001,21.6587379,29.85017960512853,0.4259764,0.11,3960.0,38.570617,0.250201,8756.7494,229.43546,89.797561,7.5527717,9448.1581,88.436673
59.35296,28.54487,18.89728,2.2443073,11.251632,2.0880568,14,4,27.54487,14.900578257142856,4.152412999999999,13.211358174999999,25.524067000000002,24.457122032224817,0.4910567,0.11,3960.0,27.466745,0.4158886,6608.0377,287.79159,86.378731,10.086204,7415.9779,85.163959
59.95296,25.68887,29.69728,2.1247913,11.071025,3.8094517,12,6,24.68887,13.099610257142858,6.061019999999996,11.813237175000001,23.915460000000003,45.78899539642949,0.7911557,0.11,3960.0,49.092501,0.942394,3635.4863,358.77622,86.087058,15.10523,5086.3218,91.245735
59.49696,25.00343,13.08928,2.9959692,13.422138,4.6393308,15,5,24.00343,10.867654457142855,3.8246269999999996,11.252722700000001,25.923853,42.200232088606384,0.4508488,0.11,3960.0,43.838529,0.4211481,6196.249,273.2702,85.728452,12.589246,9432.028,90.727338
59.85696,28.04983,13.569281,2.6242595,11.313774,3.8721678,13,5,27.04983,13.787073857142856,4.589790999999998,12.868850125,25.338689000000002,36.55865412062206,0.4478261,0.11,3960.0,39.505977,0.4337246,7094.7322,322.23944,88.410815,12.569796,9133.3984,90.40926
54.00576,22.010342,38.567681,2.4506887,7.7117542,2.3267016,7,4,21.010342,9.820295457142857,8.285954800000003,9.892498825,18.7169252,27.249546992842355,0.7482298,0.11,3960.0,31.218969,0.3817839,7434.5541,297.2358,89.92224,10.070368,8284.3493,89.208889
57.24576,25.627942,12.88768,2.1018452,8.5979549,2.8408419,9,4,24.627942,13.101982457142858,7.210954099999999,11.7885097,21.4119259,28.00943860123124,0.3760318,0.11,3960.0,31.810422,0.1959778,14170.996,290.82784,90.042104,10.069946,10000.0,85.854421
48.96576,26.960742,31.84768,3.1580803,7.3673743,2.6483765,15,4,25.960742,11.941512257142858,3.635134700000002,12.190850925,20.8477453,52.595605518137425,0.6073532,0.11,3960.0,62.771929,0.8616017,3047.4301,274.95962,84.930503,10.071352,3626.6037,
56.88576,22.581542,12.40768,2.4744191,13.240949,3.253353,12,6,21.581542,10.180834657142857,3.911159999999999,10.172166225,24.53172,36.34310073907787,0.3950383,0.11,3960.0,38.174809,0.324799,9746.1162,331.49335,87.585113,15.105548,10000.0,88.009741
57.14976,27.988902,26.75968,2.6013135,8.8407042,2.9035579,10,3,26.988902,13.789445857142857,5.739724800000001,12.844122625,22.8351552,20.615235634666785,0.5907785,0.11,3960.0,23.633052,0.3832356,5579.1298,223.90353,88.545985,7.5594955,6169.3838,87.754136
58.10976,28.179302,38.039681,2.1100878,6.551733,3.8577897,5,5,27.179302,14.907897257142857,8.413496000000002,13.06212905,20.641384,29.839892298808362,0.8740689,0.11,3960.0,35.506937,0.4678315,7910.8046,387.55979,92.105007,12.587968,8524.3264,90.347493
57.65376,27.493862,21.43168,2.9804015,6.3682161,2.0423208,6,9,26.493862,12.67766985714286,8.711732899999998,12.501830625,20.1151471,50.87774406858908,,0.11,3960.0,,,,,,,,
49.61376,22.924262,20.71168,2.7888301,7.0653927,4.3384134,11,3,21.924262,9.796812657142855,6.2793563,10.264923475,18.5275237,54.42872765398397,,0.11,3960.0,,,,,,,,
59.47776,30.235622,27.863681,2.4965542,9.4983926,4.3681525,22,3,29.235622,15.603764457142857,5.122676400000003,13.99367245,24.6162036,47.139648292593584,0.7466073,0.11,3960.0,52.208989,1.0113278,1731.2316,183.34781,78.970263,7.5535464,2369.5435,
57.19776,26.808422,34.82368,2.3515794,8.7193295,2.8721999,9,7,25.808422,13.445714057142856,6.4753395000000005,12.31631615,22.1235405,46.00756067018557,0.8296485,0.11,3960.0,52.498342,0.9886067,4673.7283,483.85546,89.224825,17.625723,5544.0559,88.925274
57.55776,29.854822,35.30368,3.4798697,6.6109653,2.1050367,7,5,28.854822,13.365133457142855,7.240503700000001,13.557443574999999,21.5383763,29.123482600871682,0.8045913,0.11,3960.0,37.707499,0.5148582,7060.2631,380.65991,88.678257,12.587955,7455.9079,83.110966
52.75776,28.902822,38.90368,2.9394549,8.1943424,4.9135414,7,3,27.902822,13.765963057142859,3.7331265999999985,13.216547275,22.6457534,21.86318624034116,0.7074115,0.11,3960.0,24.222735,0.4205547,5190.553,228.59394,89.69084,7.5535369,5651.8902,88.184568
53.35776,26.046822,19.70368,2.8199389,8.0137358,3.6366647,11,4,25.046822,11.964995057142856,5.641733200000001,11.818426275,21.0371468,42.566191647423615,0.4703558,0.11,3960.0,48.018698,0.3941166,6902.9864,284.89862,89.826983,10.072074,8138.8265,91.538406
57.10176,29.169382,18.695679,2.8501834,6.4274484,3.2895679,8,4,28.169382,14.134906057142855,7.538740600000001,13.37214515,21.0121394,33.80102646534469,0.4940723,0.11,3960.0,41.747233,0.3083679,9436.097,304.71244,91.209516,10.070366,10000.0,90.085959
57.70176,26.313382,29.49568,2.7306674,6.2468414,2.0109628,5,6,25.313382,12.33393805714286,9.4473476,11.97402415,19.4035324,30.183677086470638,0.7041241,0.11,3960.0,38.534167,0.3328531,13162.505,458.79622,89.159768,15.105498,10000.0,86.700923
53.50176,22.505382,13.89568,2.0707365,7.6496118,3.5425906,9,3,21.505382,10.933799857142857,7.848577199999998,10.235006875,18.9023028,33.2009119492034,0.3550264,0.11,3960.0,36.846671,0.1373588,15451.705,222.26004,90.787415,7.5527672,10000.0,81.856917
57.34176,23.266982,29.015679,3.102377,8.3552056,2.7781258,7,6,22.266982,9.414518857142856,8.682183400000003,10.35789675,19.988696599999997,37.41087889194857,0.6930031,0.11,3960.0,42.068007,0.4707691,8729.8058,430.36917,91.269774,15.105558,10000.0,91.037463
56.74176,26.122982,18.21568,3.2227572,11.070443,3.702079,12,5,25.122982,11.213758457142857,4.2389459999999985,11.7558017,24.131934,36.76296192546043,0.4879697,0.11,3960.0,39.578599,0.4938462,6290.8904,325.33624,88.493714,12.562144,8046.0051,90.470074
53.86176,25.551782,14.37568,3.1990269,5.5412477,2.7754276,7,3,24.551782,10.853219057142857,8.613741299999997,11.476134275,18.3171387,28.918580307982683,0.364467,0.11,3960.0,36.79,0.1274596,17060.152,227.71098,89.696737,7.5527449,10000.0,82.730014
54.13056,23.701094,17.53408,2.7012071,10.889254,2.3161011,10,6,22.701094,10.526938657142859,4.325479000000001,10.675245225000001,22.739801,33.46789392254702,0.4317046,0.11,3960.0,36.652724,0.3802089,10215.745,406.74375,89.294422,15.107961,10000.0,89.167749
54.25056,32.649894,37.69408,2.0773039,6.8531326,2.0603801,10,4,31.649894000000003,18.166745057142858,3.9472003999999963,15.305621025000002,23.178079600000004,28.851861923921025,0.7556007,0.11,3960.0,38.017613,0.6375909,4422.3214,295.27116,86.125608,10.07037,4778.0022,77.657252
54.85056,29.793894,18.494081,3.4577879,6.6725257,3.781775,7,6,28.793894,13.365777057142859,5.855807300000002,13.532500025000001,21.5694727,44.69538730691106,0.4817212,0.11,3960.0,53.916275,0.4169542,10338.918,451.43176,92.237567,15.108984,10000.0,91.463504
54.49056,26.747494,18.01408,2.3294975,8.7808898,4.548938,8,6,25.747494,13.446357857142857,5.090643200000002,12.291372625,22.1546368,47.08729382921471,0.4706202,0.11,3960.0,51.389923,0.4033733,10012.131,422.92398,91.622849,15.082194,10000.0,91.712813
55.09056,23.891494,28.814081,2.2099815,8.6002829,3.2703329,6,8,22.891494,11.64538985714286,6.999250100000001,10.893251625000001,20.5460299,43.63557432951494,0.6611236,0.11,3960.0,48.399276,0.5542401,9632.3076,559.05804,92.075813,20.141505,10000.0,91.673981
58.69056,30.555494,33.61408,2.9894284,7.3781194,3.0173102,5,9,29.555494,14.846496057142858,6.689413599999998,14.0303899,22.6558664,36.11341160297631,0.8255616,0.11,3960.0,43.895178,0.8001445,8274.8382,693.35643,92.288946,22.658334,8941.219,87.134855
59.89056,24.843494,25.21408,2.7486679,11.947645,4.1694039,21,4,23.843494,11.248017057142855,5.575888000000003,11.234580025,24.369391999999998,52.68868887923666,0.7205239,0.11,3960.0,55.527432,0.9057194,2181.9555,206.95131,77.904354,10.064505,3505.2541,
54.63456,23.206054,12.206081,3.0811593,10.951396,4.100212,9,7,22.206054,9.41343425714286,4.762857,10.332737175,22.554423,48.63409445827608,0.3862277,0.11,3960.0,51.311557,0.297365,13436.36,418.40815,90.380788,17.619723,10000.0,88.719792
58.23456,29.870054,17.00608,2.3606062,9.7292329,3.8471893,8,7,28.870054,15.614540457142859,4.453020100000003,13.84487545,24.664259899999998,36.13942264696994,0.4931903,0.11,3960.0,40.271601,0.5023134,9338.8232,491.24204,91.146857,17.622709,10000.0,90.329606
58.83456,27.014054,27.806081,2.2410902,9.5486259,2.5685842,5,9,26.014054,13.813572457142858,6.361627100000003,12.44675445,23.0556529,27.546579849532304,0.6728046,0.11,3960.0,31.200401,0.5405118,11893.698,673.21017,91.246523,22.66047,10000.0,87.960528
54.75456,32.154854,32.366081,2.4572561,6.915275,3.844491,8,4,31.154854,17.053240657142858,4.384577999999998,14.963112975,22.992702,29.67262466607665,0.6823767,0.11,3960.0,36.165954,0.6030128,4787.7001,302.33059,90.04505,10.071399,5285.8174,87.483603
58.35456,38.818854,37.16608,3.236703,5.6931115,3.5914683,8,5,37.818854,20.254346857142856,4.074741499999998,18.10025125,25.1025385,35.67738744618482,0.9003715,0.11,3960.0,51.0247,1.0217535,3582.4396,383.31306,89.593854,12.577113,3924.687,
58.95456,35.962854,17.966081,3.117187,5.5125045,2.3128632,5,7,34.962854,18.45337885714286,5.983348499999998,16.70213025,23.493931500000002,30.415858586806593,0.5210146,0.11,3960.0,45.730524,0.290397,16704.911,508.00137,84.786091,17.624661,10000.0,83.646533
54.39456,29.108454,31.886081,2.8289658,9.0236391,4.6116541,10,5,28.108454,14.133821257142854,3.619413899999998,13.34698555,23.5778661,42.229883289812435,0.6930489,0.11,3960.0,46.536333,0.8365201,4000.5521,350.44909,88.535455,12.569125,4789.0647,88.638195
54.99456,26.252454,12.686081,2.7094497,8.8430322,3.333049,7,7,25.252454,12.332853457142857,5.5280208,11.948864575,21.9692592,38.74223752626583,0.3775989,0.11,3960.0,43.396521,0.2779231,16892.575,491.64222,91.499742,17.615486,10000.0,88.696255
50.79456,22.444454,27.08608,2.0486546,7.7111722,2.2193288,8,3,21.444454,10.93444365714286,6.463880799999998,10.21006335,18.9333992,22.44946857974933,0.491254,0.11,3960.0,25.898637,0.2284218,9352.3154,223.70994,88.998834,7.5527622,10000.0,87.211088
58.37856,26.328614,11.19808,3.1114039,9.3651089,3.7531152,6,7,25.328614,11.58334505714286,6.6598641,11.886456025000001,22.5294159,32.833795083399444,0.3731709,0.11,3960.0,36.099584,0.2102239,22741.161,500.63739,91.277449,17.623087,10000.0,85.884289
54.89856,28.613414,26.558081,3.2080538,6.551151,3.750417,6,4,27.613414,13.022045257142857,6.5914220000000014,13.004693549999999,20.857858,27.4889993862072,0.5835807,0.11,3960.0,32.980481,0.3221308,9168.9697,309.30108,91.462191,10.066794,9817.7676,89.870733
58.49856,35.277414,31.35808,2.4875007,5.3289875,3.4973942,6,4,34.277414,19.223151457142855,6.2815854999999985,16.516831825,22.9676945,25.84551421041304,0.7579445,0.11,3960.0,36.585546,0.4694694,6332.0661,311.3016,90.705156,10.070056,6726.2086,86.693251
54.53856,25.567014,26.07808,2.0797634,8.6595152,4.51758,8,4,24.567014,13.102626057142857,5.826257799999997,11.76356615,21.4430222,34.0487209197408,0.5742159,0.11,3960.0,36.974263,0.3655148,7737.1243,296.15093,90.933605,10.070377,8759.968,91.273657
58.28256,28.689574,25.07008,2.1108721,9.6078582,3.8158313,8,5,27.689574,15.270808657142858,5.188634799999999,13.317068975,23.9526452,27.442539239246656,0.6076981,0.11,3960.0,30.446705,0.500987,6953.3576,364.79566,90.557381,12.56958,7933.1812,89.458127
48.32256,23.739174,31.79008,2.9030484,8.6849227,2.1706181,9,8,22.739174,10.150456057142858,3.6067703000000044,10.643824899999998,20.554509699999997,53.71541505660284,0.6034721,0.11,3960.0,61.216033,0.8104603,6319.6645,536.35755,89.101765,20.140762,7357.6432,88.633388
58.52256,22.787174,35.39008,2.3630657,11.535615,3.3043892,6,7,21.787174,10.550421457142857,6.332077999999999,10.302820575,22.929202,26.234482046006786,0.7813538,0.11,3960.0,27.883278,0.5575231,8312.7466,485.32875,90.946031,17.622996,10000.0,89.437297
56.72256,31.355174,32.990081,2.7233422,7.1466972,3.4309006,20,3,30.355174,15.949868457142859,5.5369958,14.496751450000001,22.8242842,51.69037431641458,0.800144,0.11,3960.0,62.908055,1.1196476,1671.7465,196.01097,80.280758,7.5502498,2122.5197,
58.64256,31.735974,25.550081,3.2391625,7.499494,3.0486682,6,5,30.735974,15.190227857142858,5.953799000000004,14.558196375,23.367480999999998,22.67116461093776,0.6218962,0.11,3960.0,27.684874,0.4118974,8940.3941,385.63317,90.315287,12.587943,9495.4692,86.886174
56.36256,28.308774,32.51008,3.0950519,9.2550614,4.1980637,21,3,27.308774,13.030449057142858,4.771831599999999,12.880624025,23.409448400000002,49.441537406547134,0.7679747,0.11,3960.0,54.543438,1.0459167,1669.1774,182.8219,78.469261,7.5535489,2291.94,
50.50656,29.527334,38.70208,2.0461952,5.9047896,2.7621288,10,3,28.527334,15.998562457142858,4.584823400000001,13.7521182,20.6684566,31.928742320095665,0.6898933,0.11,3960.0,41.691101,0.578819,3700.9394,224.32795,87.773348,7.5535321,4133.8178,86.626329
54.94656,27.432934,34.62208,2.9583196,6.4297764,3.719059,5,8,26.432934,12.678313657142859,7.3270366,12.476887099999999,20.1462434,49.48695131488074,0.7768879,0.11,3960.0,59.04329,0.6741792,8561.9884,604.47535,92.941292,20.140757,9537.949,91.102496
58.54656,34.096934,39.42208,2.2377665,5.2076129,3.4660362,5,9,33.096934,18.879419857142857,7.0172001,15.989025374999999,22.2560799,51.8387400671536,,0.11,3960.0,,,,,,,,
50.74656,23.624934,19.022081,2.2983888,7.8325468,2.2506868,9,5,22.624934,11.278175257142857,5.7282662,10.7378698,19.6450138,39.29766211341114,0.4196544,0.11,3960.0,45.571924,0.3191079,10864.749,363.06623,90.300924,12.604584,10000.0,89.310765
53.74656,33.144934,13.022079,3.1973517,6.7909903,3.2762691,11,4,32.144934,16.280249457142858,3.509822700000001,15.273129075,23.3634573,36.94631518941474,0.3666103,0.11,3960.0,46.71472,0.331818,8646.4143,300.44476,89.501563,10.070381,9492.9968,88.457715
59.74656,28.384934,31.022079,3.497006,9.7771381,4.6181299,21,3,27.384934,12.28094085714286,5.903674899999999,12.8182155,23.969605100000003,49.09637422277861,0.818057,0.11,3960.0,53.291151,1.0038446,1737.793,182.68089,78.776181,7.5529327,2388.696,
58.06656,22.101734,18.782079,3.2333794,11.352098,4.4889203,7,4,21.101734,8.320194057142857,6.6303149999999995,9.742522150000001,22.402965000000002,23.650449538895256,0.4783185,0.11,3960.0,24.606043,0.1887893,14601.093,288.66318,90.838256,10.071401,10000.0,86.04593
47.53536,24.059046,37.54048,3.3963547,7.8319648,2.1433141,9,6,23.059046,9.392323457142856,3.9061921999999996,10.680434325,19.8614878,45.4821845726995,0.6313499,0.11,3960.0,53.109861,0.7550235,5460.5481,431.74301,88.824541,15.106993,6176.1768,87.662003
59.53536,38.339046,13.54048,2.4965276,6.3388909,4.4723836,5,5,37.339046,21.39197765714286,4.259266099999998,18.045391100000003,25.5084139,22.348272409225768,0.4154294,0.11,3960.0,29.077343,0.2279617,15728.665,375.47623,88.220945,12.58787,10000.0,86.958328
57.49536,29.009446,30.82048,2.6037463,7.487585,2.464989,17,4,28.009446,14.513540257142859,6.755371999999998,13.353786425000001,21.992308,52.43698473893058,0.7829425,0.11,3960.0,63.843467,0.9592676,2715.5533,272.7889,83.631365,10.071323,3264.7057,
52.09536,30.913446,23.620481,2.1854401,6.8554606,2.4898712,7,8,29.913446,16.710152657142856,3.735496399999999,14.410362975,22.3121836,45.20100720362772,0.5411862,0.11,3960.0,57.492998,0.6249757,9285.5353,607.7132,90.896812,20.139594,10000.0,87.056015
51.63936,30.228006,37.01248,3.0557538,6.6719437,3.6744022,7,5,29.228006,14.479925257142858,4.0337333000000015,13.85006455,21.7859467,35.874977034815196,0.7014461,0.11,3960.0,43.636205,0.7081568,5098.5619,378.09916,90.660518,12.587974,5643.4852,87.64937
51.87936,24.325606,17.332481,3.3079474,8.5997009,3.1629602,6,7,23.325606,9.759538057142858,5.1771761000000005,10.83581615,20.7625039,36.638197953744694,0.4072947,0.11,3960.0,40.875273,0.2947899,16262.028,502.01418,91.662102,17.623113,10000.0,89.40688
59.19936,22.802406,17.092481,2.7438022,14.653883,2.0465417,7,8,21.802406,9.799828457142858,3.5445939999999965,10.215252450000001,26.055086000000003,20.161061620580874,0.4313534,0.11,3960.0,21.384507,0.2983049,16900.21,527.93582,87.305924,20.140584,10000.0,85.782154
53.79936,24.706406,39.89248,2.3237677,8.9524974,2.7789994,12,3,23.706406,11.99989745714286,5.593979600000001,11.272261075000001,21.3057004,27.286316678963484,0.7462561,0.11,3960.0,30.626443,0.5969314,3365.5034,210.37934,85.728158,7.5532564,3998.0767,
55.26336,24.401766,15.84448,2.2107658,11.656408,3.2283745,8,9,23.401766,12.008301257142858,3.7743889999999993,11.14819155,23.857291,40.707394971534036,0.4498616,0.11,3960.0,43.603416,0.455346,11392.39,543.23163,90.364595,22.655944,10000.0,90.546343
58.86336,31.065766,20.644479,2.9893485,7.8996142,3.3300037,5,8,30.065766,15.211135857142857,5.9991828,14.285545875,23.4324972,30.167452842063224,0.5588328,0.11,3960.0,35.809401,0.4485508,12969.414,609.20101,91.750744,20.140695,10000.0,89.307812
49.50336,23.259366,38.16448,2.1628729,9.3307021,3.0515334,6,8,22.259366,11.288087057142857,3.7912949000000005,10.588964775,20.9603851,38.425188180278944,0.6588165,0.11,3960.0,42.174509,0.7027799,7474.2845,550.06948,90.83855,20.142752,9059.6059,89.068804
51.54336,32.588966,20.88448,2.0547899,5.6444971,2.0342497,9,6,31.588966,18.168253057142856,3.8326999000000015,15.280785524999999,21.9389801,49.10612941422875,,0.11,3960.0,,,,,,,,
52.14336,29.732966,31.684481,3.435706,6.734086,2.4585132,6,7,28.732966,13.366420857142858,4.4711110000000005,13.5075565,21.600569,36.018472240901794,0.6379825,0.11,3960.0,45.603046,0.6204086,8345.7287,542.21393,90.788644,17.622733,8914.5405,85.802529
55.74336,36.396966,36.484481,2.7151529,5.5119225,2.2054904,5,6,35.396966,19.567527057142858,4.161274500000001,17.019694774999998,23.7104055,25.416550815836246,0.7905342,0.11,3960.0,38.70954,0.509805,8301.7554,443.20297,86.022012,15.106987,8590.9057,75.363444
59.00736,27.524326,14.836479,2.2410103,10.070121,2.8812777,5,8,26.524326,14.178212257142853,5.671395999999998,12.701910425,23.832284,23.359830434044884,0.4270143,0.11,3960.0,26.106296,0.2621884,21068.838,578.47239,89.203674,20.140604,10000.0,87.122349
55.76736,23.906726,10.516481,2.590718,11.71855,2.0124854,6,9,22.906726,10.894796857142858,4.211766999999998,10.805683499999999,23.671913,25.79081176452189,0.3284301,0.11,3960.0,28.17265,0.1789771,31495.365,590.29989,84.762583,22.660487,10000.0,81.010843
59.15136,23.982886,39.02848,2.9926721,12.240627,2.4325517,6,9,22.982886,10.145288657142856,5.343609999999998,10.743274975,24.23207,25.61336585123265,0.837841,0.11,3960.0,27.626131,0.7918319,7603.7323,630.50482,90.304951,22.660569,8711.7463,85.735527
55.58016,21.370598,27.066881,2.9640761,9.4176702,2.383038,13,4,20.370598,8.336560657142858,7.687110799999999,9.444279975,20.1029692,39.813328925580734,0.6216693,0.11,3960.0,43.834168,0.4784793,5213.0433,261.20597,86.735331,10.071381,6581.4124,90.798264
56.90016,24.607398,38.82688,2.0994124,9.9510744,3.2811392,8,9,23.607398,12.377888057142856,6.195306600000002,11.2788459,22.254773399999998,51.36657361973194,0.9132231,0.11,3960.0,56.045679,1.1536747,4598.4686,555.55265,88.822559,22.654958,6198.7972,90.428854
48.76416,22.398758,21.97888,2.4064451,8.3563696,2.9928714,6,8,21.398758,10.18622265714286,4.826331399999997,10.097767725,19.5557486,46.48226367974486,0.4496078,0.11,3960.0,51.636247,0.3867503,13575.889,549.82895,92.07322,20.140729,10000.0,91.054655
50.68416,22.779558,14.53888,2.9226974,9.9764817,3.933313,6,9,21.779558,9.425718057142857,3.9758192999999977,10.159104650000002,21.3662607,47.731386089881035,0.3774525,0.11,3960.0,50.839152,0.2944081,18791.575,579.35072,91.825343,22.657708,10000.0,88.889368
59.68416,27.539558,26.53888,2.622611,5.7230186,4.2687782,8,3,26.539558,13.425890857142859,10.3492824,12.61412625,19.4927976,38.67039923674448,0.6966527,0.11,3960.0,46.559501,0.3112917,7096.3879,231.33079,91.324386,7.5505,7729.8328,91.662582
59.32416,24.493158,26.05888,2.9943207,7.8313828,2.0359413,10,3,23.493158,10.506471457142858,9.584118199999999,10.997998825,20.0779618,24.401282476010373,0.6411511,0.11,3960.0,28.693083,0.2893094,7436.9857,225.31394,88.123479,7.5527716,8122.8135,87.151347
59.92416,21.637158,36.85888,2.8748046,7.6507758,3.7573362,7,5,20.637158,8.705503657142856,11.492725200000002,9.59987785,18.469354799999998,47.892992657438036,0.9320379,0.11,3960.0,52.470171,0.4615461,7485.9447,361.81812,91.185579,12.591412,8732.0096,92.38876
54.06816,22.855718,13.050879,3.3250837,11.765874,2.6760533,19,4,21.855718,8.675345457142857,3.8403469999999977,10.096588075,23.193733,41.3947720919466,0.3844909,0.11,3960.0,44.417672,0.353963,6202.3735,229.90286,84.277916,10.071332,8508.6112,89.347405
45.78816,24.188518,32.01088,2.8816969,5.394554,2.5630199,5,7,23.188518,10.514119057142857,5.4052669999999985,10.873834774999999,17.488813,51.255723082280205,,0.11,3960.0,,,,,,,,
46.38816,21.332518,12.81088,2.7616947,7.5378574,3.8743143,6,4,20.332518,8.714123457142858,4.989963599999999,9.475835325,18.2041164,35.38042562652128,0.2724746,0.11,3960.0,38.621372,0.103247,27387.82,296.11715,90.498179,10.070695,10000.0,
46.74816,24.378918,13.29088,2.389661,6.9790068,2.1151458,7,4,23.378918,11.634190857142855,4.205614199999999,11.09204375,19.1684658,26.949401233802977,0.275779,0.11,3960.0,32.482625,0.1325392,21051.973,292.19037,86.299715,10.070266,10000.0,80.547792
55.29216,28.453478,38.682881,2.9616167,7.6112876,2.9258381,14,4,27.453478,13.400679457142857,5.808053400000002,12.986334825,21.8380266,46.22396086032109,0.8483429,0.11,3960.0,54.910532,1.0693613,2459.6259,275.43691,84.472448,10.071369,2957.038,
58.89216,35.117478,13.48288,2.2410636,6.3891242,2.6728154,14,4,34.117478,19.601785657142855,5.498216799999998,16.4984731,23.9478632,43.79090924045231,0.4501634,0.11,3960.0,59.352228,0.4016503,7108.0458,298.96955,88.441514,10.071311,7797.5371,88.309681
54.93216,25.407078,38.202881,3.3333263,9.7196518,3.6930012,16,4,24.407078,10.481260257142857,5.042889200000001,11.370207424999998,22.4231908,48.981138940454635,0.8292241,0.11,3960.0,53.365325,1.0780969,2149.3324,242.65544,81.227161,10.055098,2960.776,
55.65216,31.499878,39.162881,2.589907,5.5029235,2.158675,13,4,30.499878,16.320098857142856,6.573217500000002,14.602462249999999,21.2528625,51.381283741505825,,0.11,3960.0,,,,,,,,
48.71616,23.579238,13.91488,2.6561792,8.4777442,3.0242294,6,4,22.579238,10.529954457142857,4.090716800000003,10.6255742,20.2673632,21.587782816344923,0.2898975,0.11,3960.0,24.10531,0.123103,22517.262,290.27709,87.465716,10.070283,10000.0,80.170571
55.43616,24.912038,32.874881,2.2124143,7.2471637,2.8317641,12,3,23.912038,12.369484257142854,8.014897300000001,11.402915425,19.7031827,36.393903141378814,0.7159452,0.11,3960.0,42.569053,0.5001986,4086.2264,214.03929,87.266265,7.5535418,4793.5088,90.637094
55.79616,27.958438,33.354881,3.3407047,5.1387995,2.064601,11,3,26.958438,12.288903457142858,8.780061499999999,12.644042825,19.1180185,39.829440327935615,0.7559458,0.11,3960.0,56.1284,0.4566228,4705.0206,224.98196,87.383803,7.5524835,5155.6561,86.757462
58.20192,36.384781,33.122561,2.1112551,5.0450128,2.3280469,7,3,35.384781,20.766619085714282,5.863556700000004,17.164576725,23.237403299999997,20.004058907233286,0.7750329,0.11,3960.0,32.004641,0.3404277,6189.3902,220.6487,85.442443,7.5527579,6495.6768,78.875513
57.12192,27.245581,31.68256,3.226384,11.370105,4.629536,12,3,26.245581,12.008361285714287,3.5680644999999984,12.3161945,24.992895500000003,23.651936302090174,0.6720383,0.11,3960.0,25.11046,0.5477672,3686.3786,211.45823,86.495601,7.5519063,4358.5185,87.906601
58.32192,21.533581,23.282562,2.9873519,11.008891,2.0723258,6,7,20.533581,8.406425485714287,7.385278499999998,9.519952525,21.7756815,24.223728945867656,0.556773,0.11,3960.0,26.327294,0.3125353,15149.023,495.80663,89.813743,17.612541,10000.0,87.759264
56.52192,30.101581,20.882562,3.3476284,6.6199732,2.1988372,19,3,29.101581,13.805872485714286,6.590196300000002,13.7138834,21.6707637,47.53658972740376,0.560365,0.11,3960.0,61.431242,0.5275758,3893.6739,215.11616,84.722142,7.5534654,4476.5544,88.003503
56.16192,27.055181,20.402561,2.219338,8.7283374,2.9660003,21,3,26.055181,13.886453285714285,5.825032100000001,12.472756,22.2559279,46.152766906431765,0.5387004,0.11,3960.0,52.611127,0.5892281,3127.5495,192.98176,82.779743,7.5535317,3984.6681,
57.48192,30.291981,32.162561,2.8546743,9.2617412,3.862373,10,3,29.291981,14.927780685714287,4.333228300000002,13.932321925,24.4077317,20.42255846408039,0.6873034,0.11,3960.0,22.99323,0.5239983,4043.0439,221.85384,88.102073,7.5527829,4541.0574,86.698634
58.08192,27.435981,12.962561,2.7351583,9.0811342,2.5837679,7,5,26.435981,13.126812685714286,6.241835299999998,12.534200925,22.7991247,22.615622083636822,0.3771032,0.11,3960.0,25.916572,0.1958572,18034.083,369.88126,88.272335,12.600212,10000.0,84.948306
58.22592,23.894541,37.154562,3.4868201,11.251641,2.135042,7,7,22.894541,9.093889085714284,5.9140485,10.575565475,23.1989115,25.22930177774298,0.7861281,0.11,3960.0,27.638804,0.6554941,7403.1766,508.17763,89.560504,17.639647,8220.7423,85.583537
54.14592,29.035341,11.714562,2.2029861,8.6182898,3.4109487,10,7,28.035341,15.333557085714284,3.9369996999999977,13.466923975,23.1359603,51.57598948865544,0.3861512,0.11,3960.0,59.031374,0.4094281,10885.841,466.73276,90.497153,17.633718,10000.0,90.667647
54.74592,26.179341,22.514562,2.0826058,5.9030524,2.4869956,5,8,25.179341,13.534317685714287,8.380237099999999,12.06901905,18.9927229,46.91901493498129,0.5548784,0.11,3960.0,59.670253,0.3849034,15112.456,609.13767,92.29239,20.142764,10000.0,90.593851
57.74592,35.699341,16.514561,2.982433,7.3961263,3.157926,10,8,34.699341,18.53466328571428,3.627163200000002,16.60406225,25.245796799999997,54.500884591755764,,0.11,3960.0,,,,,,,,
58.10592,38.745741,16.994562,2.6107233,5.2877621,2.3907629,8,8,37.745741,21.454082685714287,4.392327399999999,18.220189675,24.6606326,54.2259533422245,,0.11,3960.0,,,,,,,,
56.30592,23.513741,14.594562,2.9709999,10.898844,2.5172743,21,4,22.513741,9.853529485714283,5.497245499999998,10.514120525,22.655714500000002,48.60009310893754,0.4530314,0.11,3960.0,52.947594,0.4387042,5024.5183,230.83138,83.084528,10.07129,6666.2505,90.985075
57.16992,26.065101,39.74656,2.9766498,11.248731,4.598178,11,7,25.065101,11.664629685714283,4.3036785,11.78838805,24.2812815,54.19521583803921,0.9455178,0.11,3960.0,57.314746,1.4028107,2770.4638,406.98665,84.834215,17.624944,4003.4952,89.90302
57.76992,23.209101,20.546561,2.8571338,11.068124,3.3195729,8,9,22.209101,9.863661685714288,6.2122855,10.39026705,22.6726745,47.097726360670535,0.5799265,0.11,3960.0,50.347718,0.5696373,8972.3902,535.22355,90.536773,22.663228,10000.0,92.054609
57.28992,35.013901,29.90656,2.3527466,7.2126093,4.342457,11,5,34.013901,19.304436085714286,3.925400200000002,16.418763849999998,24.7195598,46.50532544637841,0.7477722,0.11,3960.0,56.49238,1.0645494,3185.1617,355.07977,88.200833,12.572519,3761.9372,
57.88992,32.157901,10.706561,2.2332306,7.0320024,3.0638519,8,7,31.157901000000003,17.50346808571429,5.834007099999997,15.020642850000002,23.1109529,45.30297978228751,0.3885755,0.11,3960.0,56.569823,0.322083,15424.994,520.26122,91.205446,17.623114,10000.0,89.254804
53.68992,28.349901,25.106561,3.0732997,8.4347728,4.5954797,11,4,27.349901,13.103329885714286,4.2352367000000015,12.906625575,22.6097233,42.41455066683278,0.5644204,0.11,3960.0,46.993902,0.5634544,4854.2065,286.42152,89.035194,10.070373,5700.9733,91.1095
59.68992,23.589901,13.106561,3.372954,11.420921,2.9373405,21,4,22.589901,9.104021285714285,6.629088500000002,10.451712,23.2158715,48.340157739186104,0.4642103,0.11,3960.0,51.967348,0.4168518,5065.9809,221.14331,82.968844,10.071348,7304.0465,91.035291
58.12992,26.255501,21.026561,2.4854242,8.9597596,2.5524099,7,9,25.255501,12.783080885714284,6.9774499,12.00639445,22.0875101,43.17477400232108,0.5863674,0.11,3960.0,49.253002,0.5551188,11022.37,640.75139,91.620254,22.655769,10000.0,90.545969
57.67392,25.570061,34.418561,3.356602,11.310873,3.382289,10,8,24.570061,10.551125285714285,4.741056500000003,11.445879999999999,24.0959035,46.155328583839626,0.8328649,0.11,3960.0,49.734965,1.1977378,3870.1408,485.4194,87.164235,20.142757,5261.1132,89.317855
57.79392,34.518861,24.578561,2.7326988,7.2747517,3.1265679,9,5,33.518861,18.19093168571429,4.3627778,16.076255800000002,24.5341822,32.40247272889973,0.6201459,0.11,3960.0,40.82387,0.6451687,5661.1173,382.47588,89.913463,12.58797,6179.7291,86.059465
58.39392,31.662861,35.378562,2.6131828,7.0941447,4.8479628,6,7,30.662861,16.389963685714285,6.2713848,14.6781348,22.9255752,45.740370923094694,0.8725953,0.11,3960.0,53.264572,0.8663643,5819.6195,527.98761,92.126575,17.623171,6512.9805,90.143164
57.31392,22.523661,33.938561,2.2283117,13.419237,4.149452,11,8,21.523661,10.631705885714284,3.9758925000000005,10.204752575,24.6810675,51.032797274847205,0.8315393,0.11,3960.0,52.889227,1.1081912,3288.193,381.59319,83.315399,20.144346,5703.4296,91.537307
54.43392,21.952461,30.098561,2.2045813,7.8900419,3.2228006,6,6,20.952461,10.271166685714284,8.3506876,9.925085175,18.8662724,40.693660624250526,0.6563946,0.11,3960.0,45.172037,0.3893699,10685.637,435.7039,92.083353,15.105559,10000.0,91.59483
57.43392,31.472461,24.098561,3.1044085,9.3831158,3.893731,11,5,30.472461,15.271512285714286,3.5976137,14.460128375,25.1193463,35.27568174874246,0.6032459,0.11,3960.0,39.891848,0.7568672,4455.8844,353.16872,88.624647,12.587972,5257.6179,87.017256
58.03392,28.616461,34.898561,2.9848924,9.2025089,2.6151259,8,8,27.616461,13.470544485714287,5.5062206000000025,13.0620074,23.5107394,39.07549054339985,0.8305006,0.11,3960.0,44.977065,1.0314192,5392.6056,582.45516,90.004347,20.149472,6061.8355,85.88461
58.15392,37.565261,25.058562,2.3609892,5.1663875,2.3594049,7,5,36.565261,21.110350885714283,5.127942000000001,17.6923832,23.949018,31.41551310876131,0.6505703,0.11,3960.0,50.319545,0.4470154,8015.0624,375.19581,87.66867,12.587914,8353.1356,81.460309
54.33792,24.313421,13.97056,2.7031854,5.5981608,3.6401686,5,3,23.313421,10.960358485714286,9.414088699999997,10.98091415,17.7548713,26.174252886174465,0.3575842,0.11,3960.0,31.408789,0.0820461,26513.807,227.80266,89.152141,7.5527264,10000.0,
57.93792,30.977421,18.770561,3.4834965,6.9106277,3.032494,7,6,29.977421,14.159736285714283,6.5696218,14.117836375,22.3993382,36.12766955459335,0.5204067,0.11,3960.0,44.900492,0.4216603,10438.931,460.94315,91.495244,15.107022,10000.0,89.792714
59.73792,22.409421,21.170561,3.1240841,13.834176,2.5513306,22,3,21.409421,8.758561085714284,4.830073500000005,9.923689475,25.038886499999997,28.15246872405864,0.540023,0.11,3960.0,29.751207,0.4857683,3418.818,173.9137,80.186281,7.5535176,4667.2231,89.705401
53.97792,21.267021,13.49056,3.074895,7.7065249,4.4073316,7,3,20.267021,8.040939285714286,8.6489246,9.36478675,18.340035399999998,35.101723264847756,,0.11,3960.0,,,,,,,,
58.80672,26.270733,32.72896,2.8652965,9.5433967,4.6492143,5,9,25.270733,12.034216285714287,6.7245968000000005,11.919042375,22.6787632,40.83609663021907,0.8125159,0.11,3960.0,43.895501,0.6782232,9154.0904,650.15433,92.745685,22.655269,10000.0,91.524972
55.32672,28.555533,18.088962,2.9628106,9.2640692,4.2918641,7,7,27.555533,13.471188085714287,4.121524300000001,13.037063850000001,23.5418357,38.60096694094036,0.4739759,0.11,3960.0,42.551168,0.4487097,10688.875,502.25708,91.764406,17.593682,10000.0,90.933608
47.64672,27.032333,17.84896,2.397153,5.8812077,2.8559892,5,6,26.032333,13.514503285714287,4.425985799999999,12.41687825,19.3973742,36.248217605277596,0.3615709,0.11,3960.0,45.829837,0.2406923,17983.526,453.279,90.512534,15.105476,10000.0,88.281554
55.56672,22.653133,28.408962,3.2150041,11.191826,3.780422,6,9,21.653133,8.750801085714286,5.264967499999997,10.022815475,22.5183925,38.87998998732999,0.6494479,0.11,3960.0,41.066196,0.5762701,9662.1652,583.08139,91.484837,22.662658,10000.0,91.230886
50.76672,21.701133,32.008961,2.6737251,10.240573,3.9453069,10,3,20.701133,9.153359085714284,4.292220500000003,9.682135225,21.091139499999997,27.150621185027212,0.5615972,0.11,3960.0,28.679295,0.341389,5944.1985,212.50613,88.304125,7.5527835,7008.2805,89.943086
58.83072,37.580493,36.760961,2.7408615,5.7500246,4.4562093,6,4,36.580493,20.361486285714285,4.8750889000000015,17.605031125,24.5402711,24.807276344276705,0.8668809,0.11,3960.0,33.262364,0.61956,4775.6971,309.84805,90.702039,10.071384,5118.108,84.712737
58.95072,22.729293,26.920961,2.1169583,11.713903,4.2004883,5,9,21.729293,11.001292685714283,6.396810499999997,10.335406925,23.0785495,32.64907787674672,0.673109,0.11,3960.0,34.137526,0.4519926,12730.103,602.5483,92.216816,22.623799,10000.0,91.252741
57.99072,22.538893,15.640962,2.6099124,9.0721352,2.5369525,14,3,21.538893,9.87938448571429,8.653778300000003,10.116968400000001,20.3415817,33.02405586051191,0.4408047,0.11,3960.0,36.692727,0.2407864,8185.9795,206.41021,88.156242,7.5496604,9841.6562,87.746365
53.19072,21.586893,19.24096,2.0686334,8.1208821,2.7018374,18,3,20.586893,10.281942485714286,7.681031400000002,9.77628815,18.914328599999997,53.630410188211485,0.4760918,0.11,3960.0,59.989918,0.3632621,4905.4007,186.60496,84.825038,7.5399528,6571.7801,91.130647
58.85472,25.090253,10.792961,2.6164266,11.956652,4.2632043,7,7,24.090253,11.688756085714285,4.9255815,11.391019850000001,24.5017785,30.863569755747772,0.3698307,0.11,3960.0,32.510106,0.2221964,19926.047,463.64619,90.622261,17.624855,10000.0,85.486639
51.17472,23.567053,10.55296,2.0514172,5.4762041,3.5014378,5,6,22.567053,11.730774885714288,8.3276294,10.7706722,17.2597306,54.670119559286675,,0.11,3960.0,,,,,,,,
58.97472,34.039053,30.952961,3.4925234,7.9205311,4.0074833,6,5,33.039053,16.328562485714286,4.547302399999996,15.64639565,24.940057600000003,22.22172891930641,0.7262655,0.11,3960.0,26.424708,0.576993,6353.4305,383.89055,90.744001,12.589212,6834.1509,85.353649
50.57472,26.423053,29.75296,2.1717974,8.1914415,4.4253909,10,5,25.423053,13.530014485714283,3.8843919999999983,12.168577149999999,21.402968,53.89091391592786,0.602495,0.11,3960.0,59.442333,0.6848897,4788.9675,343.47185,89.028179,12.559501,5866.1021,91.508755
58.49472,22.043853,10.312961,2.9881362,14.065017,2.0303674,8,7,21.043853,8.769336885714285,4.160416500000004,9.77489245,25.086943499999997,21.9575957323547,0.3314498,0.11,3960.0,23.317203,0.1711707,24555.657,440.15913,85.917034,17.612241,10000.0,79.811291
55.61472,21.472653,36.472962,2.96527,11.070452,3.749064,5,6,20.472653,8.407069285714286,6.000581499999999,9.495009000000001,21.8067785,23.253325779007046,0.7249683,0.11,3960.0,24.462077,0.3787318,10985.411,435.68905,91.385771,15.105545,10000.0,90.001514
58.61472,30.992653,30.472961,2.364233,10.028895,4.7746464,8,5,29.992653,16.409143285714286,3.7821384999999985,14.40526825,25.5252215,27.373138370337475,0.7120553,0.11,3960.0,29.949706,0.6787953,5153.0153,366.29324,89.892371,12.582777,5867.2037,87.01996
50.93472,29.469453,30.232961,3.3000878,6.0830773,3.6582279,9,5,28.469453,13.449433685714286,4.649556199999999,13.40970455,20.8178038,53.60410016837622,,0.11,3960.0,,,,,,,,
51.07872,25.928013,24.42496,2.5508854,5.7189534,3.5641538,7,4,24.928013,12.418238485714285,6.856400099999998,11.82628515,18.6829599,42.45399858921798,0.5051024,0.11,3960.0,51.772145,0.3068488,9527.8892,306.16087,91.891035,10.058732,10000.0,90.999875
46.27872,24.976013,28.02496,2.0107947,5.7535374,2.2114409,13,3,23.976013,12.818419885714285,4.8978161,11.485307825,18.2415439,47.56736680047749,0.4856359,0.11,3960.0,60.962857,0.4367503,4802.5782,219.65254,87.41643,7.5566195,5454.0553,89.997324
55.63872,32.782413,10.504962,2.8408351,7.2770797,3.556059,6,9,31.782413,16.734339085714286,4.1510738000000025,15.180997725,23.668286199999997,43.82493624479359,0.3663778,0.11,3960.0,53.514755,0.3252764,19317.061,657.99451,90.962813,22.658241,10000.0,89.039682
58.30272,26.765773,38.05696,2.4862085,12.015884,2.508723,28,3,25.765773,13.145992285714286,3.7525895000000027,12.261334375,25.398770499999998,37.43671335941507,0.8550416,0.11,3960.0,40.932692,1.2873241,1214.4713,163.72077,69.824988,7.5535299,1688.2023,
54.82272,29.050573,23.416961,2.5828584,9.2019269,2.5077531,9,7,28.050573,14.584692485714287,3.6841465999999983,13.3795719,23.7272134,37.33554223801667,0.5560512,0.11,3960.0,43.222029,0.665771,7320.4084,510.37429,89.820655,17.613548,8161.4778,86.630317
55.42272,26.194573,34.216962,2.4633423,9.0213199,4.229148,6,9,25.194573,12.783724685714283,5.592753600000002,11.981450924999999,22.118606399999997,49.10253745964063,0.7811802,0.11,3960.0,53.617945,0.8445593,7048.5302,623.38643,91.628431,22.663762,8563.5949,90.265537
55.18272,32.096973,23.896961,2.2111487,7.0935627,4.7405901,7,6,31.096973,17.504111885714288,4.449310800000003,14.995699324999999,23.1420492,43.913597462218206,0.5816998,0.11,3960.0,51.512994,0.5841237,7348.3905,449.49582,91.909624,15.101218,8238.0383,90.663756
58.78272,38.760973,28.696961,2.9905956,5.8713992,4.4875673,7,7,37.760973,20.705218085714286,4.1394743,18.1328376,25.2518857,47.46840703932647,,0.11,3960.0,,,,,,,,
56.98272,23.528973,26.296961,3.3508722,11.482481,4.6140787,20,3,22.528973,9.104664885714287,5.2443925,10.42676845,23.2469675,46.99312359177995,0.654657,0.11,3960.0,49.056151,0.6318969,2575.4054,170.41996,79.707053,7.5541425,3796.6569,
57.61152,24.724685,29.93536,2.4804786,12.187493,3.7422411,19,5,23.724685,11.699532085714287,4.255924499999999,11.242222850000001,24.5498355,53.889017656493266,0.77529,0.11,3960.0,57.057567,1.1820778,2031.0998,251.42353,77.618684,12.589217,3295.9749,
57.73152,33.673485,20.095361,3.3565754,8.1513713,3.4865201,18,3,32.673485,16.339338485714286,3.877646200000001,15.49759865,24.9881138,36.337017348618055,0.5400349,0.11,3960.0,43.475733,0.6581824,3081.239,212.37347,85.196283,7.5603909,3622.5146,
58.33152,30.817485,30.895361,3.2370594,7.9707643,2.207915,15,5,29.817485,14.538370485714287,5.786253199999997,14.09947765,23.3795068,48.47066981422102,0.8017831,0.11,3960.0,59.403043,1.0233946,3289.5065,352.53521,85.115864,12.575043,3828.9605,
46.45152,25.486285,15.05536,2.0122271,5.7091951,2.4633962,5,5,24.486285,13.180035085714284,4.773422400000001,11.740085725,18.4523376,31.428986294444144,0.3031837,0.11,3960.0,40.148319,0.148563,23818.149,370.55029,87.923637,12.589103,10000.0,83.538152
57.97152,27.771085,30.415361,2.108769,10.079129,2.9750781,17,5,26.771085,14.618951285714285,5.021088499999998,12.858350249999999,23.9646715,49.78725087810933,0.7803984,0.11,3960.0,55.593282,1.1591002,2518.7714,305.73022,82.250676,12.589151,3232.1038,
59.17152,22.059085,22.01536,3.3680085,14.648654,4.1271718,7,7,21.059085,8.020472285714284,3.907563500000002,9.687540375,25.6781965,24.974686962965798,0.5460388,0.11,3960.0,25.730784,0.383657,10795.102,433.70901,89.656954,17.624949,10000.0,89.447181
58.23552,33.178445,14.767361,2.2365276,8.2135136,2.2706311,17,3,32.178445,18.22583408571429,4.315023899999996,15.530090600000001,24.802736100000004,29.674728114927706,0.4327391,0.11,3960.0,36.676149,0.3406993,6121.9476,218.41851,85.588229,7.5534677,6775.9006,85.086113
49.83552,25.562445,13.567361,2.4158017,8.4844241,2.6885387,21,3,24.562445,12.427285885714287,3.652113400000001,11.677272075,21.2656466,48.83109001275536,0.3531963,0.11,3960.0,55.805442,0.3590037,5185.4921,194.94743,84.642093,7.5527853,6453.598,89.988906
51.75552,25.943245,36.12736,2.9316219,8.8372209,2.3063063,7,5,24.943245,11.667645485714287,4.068916599999998,11.738717025,21.8088434,23.84547568698468,0.6269652,0.11,3960.0,27.399908,0.5157211,6989.4078,377.47125,89.268569,12.589165,7595.5851,85.158995
57.87552,30.132045,14.287361,2.6082372,10.321878,3.0377941,19,3,29.132045,15.306414885714288,3.5498595,13.913963200000001,25.3879005,29.93001773445921,0.4157109,0.11,3960.0,33.69644,0.4154314,4767.8172,207.4185,85.451977,7.5535238,5623.2491,88.703966
58.59552,36.224845,15.247362,3.364818,6.1051495,4.503468,15,3,35.224845,18.14525328571429,5.080188,16.771218,24.217572,45.8670481012938,0.4736191,0.11,3960.0,59.030546,0.4723752,4431.4223,219.20923,88.264721,7.5462188,5086.7276,91.259085
50.19552,28.608845,14.04736,2.04366,5.1087447,3.5987016,5,3,27.608845,15.347569285714282,5.684592800000001,13.293507499999999,19.4131672,22.988348173744818,0.3147706,0.11,3960.0,30.046684,0.0980378,21850.263,224.3256,87.481846,7.5527131,10000.0,
52.11552,28.989645,36.607361,2.5599123,6.7288568,4.5391432,6,5,27.989645,14.587064685714283,4.834080699999998,13.354844425,21.2236793,37.92898772169322,0.7094424,0.11,3960.0,44.094859,0.5702785,6412.1674,382.93098,91.605634,12.589256,7020.3808,89.816006
58.11552,24.229645,24.607361,2.8604308,12.249635,2.5263521,17,5,23.229645,10.586027685714289,4.693302499999998,10.8997148,24.3644575,40.44164021387144,0.6350372,0.11,3960.0,43.591995,0.7627289,3682.6893,294.14665,83.024185,12.589115,4753.1525,89.487554
56.31552,32.797645,22.207362,3.2207074,7.8607168,2.6528634,5,9,31.797645000000003,15.985474485714287,3.8982206999999995,15.093645650000001,24.2595393,29.32479704474615,0.547533,0.11,3960.0,36.137893,0.4931466,13306.271,687.16498,89.463176,22.658225,10000.0,85.363569
57.65952,23.544205,37.99936,2.2307445,12.066118,3.7091547,12,3,22.544205,11.355800285714286,4.991539500000002,10.714416375,23.8382205,21.757268439948827,0.7705345,0.11,3960.0,22.952956,0.5383139,3612.8032,203.66131,85.477997,7.5490397,4438.9887,88.984076
55.85952,32.112205,35.599361,2.591021,7.6771998,3.8373945,5,6,31.112205000000003,16.75524728571429,4.1964577,14.908347250000002,23.733302300000002,24.313101741681496,0.7437462,0.11,3960.0,28.837501,0.6138281,7164.9474,460.56233,91.21564,15.107101,7710.6261,85.452132
56.69952,23.353805,26.719361,2.7236986,9.42435,2.0473474,27,3,22.353805,10.233892085714285,7.248507499999999,10.495977850000001,21.1012525,53.847921201606454,0.6856627,0.11,3960.0,60.52195,0.7144834,2300.9292,172.15673,75.604931,7.5528573,3006.7493,
46.13952,21.259405,22.63936,2.1345267,6.1473912,2.0362554,7,6,20.259405,9.916235885714286,6.292666299999997,9.596070825,16.7770937,54.425923420475584,,0.11,3960.0,,,,,,,,
45.08352,23.429965,25.23136,3.1257068,6.3544811,3.7097915,6,4,22.429965,9.484275685714286,4.472296400000001,10.433555799999999,18.0694636,37.82311690172837,0.4100799,0.11,3960.0,43.517297,0.2356568,12390.452,305.77063,91.475434,10.070357,10000.0,89.227136
50.48352,21.525965,32.43136,2.0461194,6.9151274,3.0567658,7,5,20.525965,10.283450485714285,7.5636501,9.75145265,17.6781099,47.20676819553707,0.6204817,0.11,3960.0,53.705547,0.3975825,8713.7007,362.79268,91.38732,12.587973,10000.0,91.590484
59.48352,26.285965,14.431361,3.2468972,5.1962946,3.0367148,8,3,25.285965,11.281894885714287,11.402482899999999,11.8312582,18.3392771,36.32296473166605,0.4391726,0.11,3960.0,47.099507,0.1559304,14091.513,230.10016,91.055045,7.5535184,10000.0,85.648037
51.80352,24.762765,14.191361,2.6823199,9.9831615,3.5976223,21,3,23.762765,11.323049485714288,3.5372159999999973,11.210802525,22.364544000000002,46.97997056996396,0.3793253,0.11,3960.0,50.933307,0.3787642,4566.8142,181.13856,83.439546,7.5527875,6300.5118,90.561528
46.40352,26.666765,36.99136,2.2619613,5.8305699,2.4956184,9,4,25.666765,13.523766685714289,4.037807600000001,12.267892175,19.1639524,42.04090408394024,0.5937421,0.11,3960.0,53.98328,0.5919368,4832.8954,299.57897,89.046862,10.067162,5382.5824,88.054701
56.00352,28.570765,29.791361,3.3426829,9.8477063,3.3886685,6,6,27.570765,12.722323485714288,3.868671199999998,12.949711775,24.133088800000003,22.438865175024638,0.6206446,0.11,3960.0,25.028607,0.5319151,8050.3898,448.42295,90.589719,15.105535,8858.2592,86.640745
58.52352,26.095565,33.151361,2.2389871,10.019896,4.727831,15,3,25.095565,13.161715085714288,6.194081499999999,11.988035725,23.0676785,38.89188816093962,0.7946036,0.11,3960.0,41.485999,0.6796574,2778.9735,197.78942,83.965857,7.5451048,3537.3101,
58.16352,23.049165,32.671361,2.6106967,12.12826,2.4949941,17,3,22.049165,10.242295885714285,5.428917500000001,10.371908325,23.6528425,25.63737897868496,0.6985737,0.11,3960.0,27.533788,0.6147779,2971.2284,191.28588,82.021538,7.5422712,3788.6712,
59.02752,25.600525,27.823359,2.6163467,12.478147,4.5758978,7,6,24.600525,12.053395885714288,4.235350499999999,11.646175825,25.278409500000002,25.549010524951772,0.6556001,0.11,3960.0,26.753666,0.5132394,7815.5411,420.05649,90.562749,15.094004,9289.6265,89.418905
52.06752,30.170125,28.543361,2.8096464,6.8502314,4.5705013,6,7,29.170125,14.930796485714284,4.098466100000003,13.8826509,21.935293899999998,49.00791971591234,0.610489,0.11,3960.0,57.29701,0.6572276,7657.0293,526.99282,92.340329,17.623162,8552.396,90.514263
58.18752,34.358925,36.703361,2.4853975,5.8002578,2.656641,15,4,33.358925,18.571294285714288,6.114039699999999,16.058113125,22.9797203,53.89619455604569,,0.11,3960.0,,,,,,,,
50.38752,23.886925,16.303361,2.5455877,7.1578765,3.1186176,5,7,22.886925,10.970913885714285,6.092420999999998,10.807065575000001,19.101339000000003,39.96257907160488,0.3764875,0.11,3960.0,46.00364,0.2243273,21932.847,515.23558,91.81314,17.623092,10000.0,87.707338
51.01632,25.082637,19.941761,3.1756262,9.1302035,3.5694541,18,3,24.082637,10.564916885714284,3.8366380000000007,11.24741195,21.671522,44.94089259280103,0.446248,0.11,3960.0,49.422524,0.4665012,3971.0717,193.99437,84.617447,7.5544018,5142.3733,91.279572
57.73632,26.415437,38.901761,2.7318613,7.8996226,3.3752603,18,3,25.415437,12.404446685714285,7.7608189,12.024753175,21.1073411,49.895307688466794,0.9232396,0.11,3960.0,57.029064,0.9752638,1860.391,190.00059,80.145182,7.5430289,2453.3946,
57.37632,23.369037,38.42176,3.1035709,10.007987,4.1458802,6,8,22.369037,9.485027485714287,6.9956545000000006,10.408625774999999,21.6925055,42.75478024477541,0.8830973,0.11,3960.0,45.475063,0.7288994,7150.4115,545.7921,91.358125,20.141784,8835.1995,91.198033
46.57632,27.177037,24.02176,2.2633937,5.7891079,3.1260399,6,4,26.177037,13.885381885714285,3.910533600000001,12.522670074999999,19.3776264,30.831519808046636,0.4126065,0.11,3960.0,38.765135,0.2658832,10988.095,305.94396,90.678718,10.070346,10000.0,88.969841
48.64032,24.016397,10.77376,2.0301196,8.5938896,2.1362175,7,5,23.016397,12.094330085714285,3.718071899999998,11.000668600000001,20.602088100000003,26.045495188288324,0.2620538,0.11,3960.0,29.829621,0.128725,26057.82,351.26066,85.143663,12.592595,10000.0,78.207263
59.80032,23.254797,25.653762,2.5002075,12.957557,2.1913784,13,5,22.254797,10.610154285714286,5.3152045,10.502346625,24.5849555,28.173060196820188,0.623659,0.11,3960.0,30.22855,0.5678065,5429.266,322.82715,86.220649,12.589141,6508.6514,88.103866
55.26432,27.710157,13.605761,2.0866871,10.140689,4.6518162,16,4,26.710157,14.619595085714284,3.6363924999999995,12.833406725,23.9957675,49.14095569174315,0.4153644,0.11,3960.0,52.880049,0.421243,5650.79,249.27029,86.486014,10.050539,7567.2747,91.068825
52.62432,21.236557,20.08576,2.313422,11.46999,3.9230267,5,9,20.236557,9.542125285714286,4.223891500000001,9.539923,22.088268499999998,34.61681535421915,0.454394,0.11,3960.0,36.175159,0.3044842,18264.668,582.37826,91.265935,22.660531,10000.0,88.884818
55.62432,30.756557,14.085762,3.2149775,8.0323247,3.8846532,15,4,29.756557,14.539014285714286,4.401556799999998,14.074534125,23.4106032,48.76815764169334,0.4268742,0.11,3960.0,56.564307,0.4735638,5544.6444,274.96715,88.10953,10.071385,6753.0759,91.237689
52.74432,30.185357,10.24576,3.1895187,7.4338685,3.6673057,5,6,29.185357,14.181931885714288,3.845613,13.795298825,22.526547,26.72587857680977,0.2945777,0.11,3960.0,31.612149,0.1545783,26965.397,436.4996,87.216349,15.1054,10000.0,83.070352
52.88832,26.643917,34.43776,2.4411806,9.604375,3.2185797,5,7,25.643917,13.149008085714282,3.5178265000000017,12.211663349999998,22.9263335,23.788090829079987,0.6304132,0.11,3960.0,26.437073,0.5431105,9137.2053,519.67308,90.849447,17.623111,10000.0,87.012028
56.00832,21.312717,18.597761,2.7179687,9.595958,3.2791371,11,5,20.312717,8.787431885714284,7.7518435,9.476866325,20.2523165,48.75214891415075,0.5019566,0.11,3960.0,52.429481,0.3556939,8380.9242,312.17417,89.233904,12.587976,10000.0,90.712191
59.00832,30.832717,12.59776,2.1169317,8.5544014,4.3047194,14,4,29.832717,16.789505885714284,5.5334001000000015,14.387125574999999,23.970759899999997,44.613500917391114,0.4278249,0.11,3960.0,50.541093,0.3897391,6715.7848,274.09391,88.817179,10.068192,8219.0879,91.288194
59.60832,27.976717,23.397761,3.4974156,8.3737945,3.0261144,11,6,26.976717,11.988538085714286,7.442007,12.614004600000001,22.362153,49.711826464997785,0.6711073,0.11,3960.0,57.411324,0.744929,5350.7317,417.40408,89.366172,15.10705,6337.353,90.838895
59.84832,22.074317,33.717761,2.2496092,10.301552,2.5146723,10,8,21.074317,10.268150885714286,8.585449500000003,9.9747562,21.338710499999998,53.32820468354701,0.8977653,0.11,3960.0,58.07155,0.9077211,4980.7111,473.44811,87.336016,20.142633,6587.2743,91.216745
55.76832,27.215117,38.277762,2.4666393,10.202831,3.4341988,8,5,26.215117,13.506090685714284,4.073770500000002,12.490898675,23.8103895,25.227304876973346,0.7554134,0.11,3960.0,27.745616,0.7225277,4762.2535,360.32605,89.076389,12.593451,5501.8812,86.021426
59.36832,33.879117,13.077761,3.2452221,6.4460373,3.5375564,12,4,32.879117,16.708925085714288,6.298564199999998,15.628252975,23.3855958,43.42610451850566,0.4385815,0.11,3960.0,55.710134,0.3861869,7404.7207,299.45729,90.136356,10.07229,8254.8441,90.625963
59.96832,31.023117,23.877761,3.125706,6.2654303,2.2589513,9,6,30.023117,14.907957285714284,8.207171200000001,14.230132,21.776988799999998,47.022918658140775,,0.11,3960.0,,,,,,,,
59.51232,30.337677,37.269761,2.4968839,8.6165438,3.0888304,12,4,29.337677,15.676001485714284,5.970777699999999,14.044617525,23.785382300000002,32.07664624878594,0.8831354,0.11,3960.0,37.388423,0.9450345,2890.3505,286.04003,86.431171,10.062424,3360.9572,
59.15232,27.291277,36.789761,2.8685935,10.724908,3.8559934,14,4,26.291277,12.756582285714288,5.205613500000002,12.428490125,24.3705465,35.06038292955733,0.8618052,0.11,3960.0,37.994524,0.9957878,2489.2067,259.57113,83.861539,10.070676,3213.3117,
51.47232,25.768077,36.549761,2.3048804,8.0464054,4.0631132,6,8,24.768077,12.796008485714287,4.8057161000000015,11.8078184,20.9304439,50.98715014358536,0.7245617,0.11,3960.0,56.680295,0.782512,6929.665,567.84769,91.730863,20.101145,8212.1603,90.85382
56.87232,23.864077,13.749761,2.7244829,12.480475,2.0053889,30,3,22.864077,10.596803485714286,4.023646499999998,10.750917775000001,24.412513500000003,39.31030286660143,0.4260415,0.11,3960.0,42.60214,0.3837822,4124.3695,165.75665,77.51245,7.5533689,5343.4204,88.772447
58.79232,24.244877,36.30976,3.2403031,12.833272,4.6231565,16,5,23.244877,9.837163085714284,4.4404495,10.812362725,24.9557105,50.195946635285225,0.9049239,0.11,3960.0,52.160254,1.2065592,2030.6571,256.5747,78.746254,12.589237,3299.3546,
59.39232,21.388877,17.109761,3.1207871,12.652665,3.3445514,13,7,20.388877,8.036195085714287,6.349056499999996,9.414241725,23.347103500000003,52.88229048325256,0.5573108,0.11,3960.0,55.404146,0.5296424,6066.4779,336.47128,85.534034,17.624891,10000.0,92.031888
56.54112,24.869389,36.108161,2.3470434,10.543719,2.4700156,12,6,23.869389,12.069762485714286,5.292146499999998,11.347933650000002,22.978413500000002,41.10266330731908,0.807316,0.11,3960.0,45.351179,1.0006521,3697.184,387.42068,85.771373,15.105552,4493.1886,87.764864
48.26112,26.202189,25.06816,3.4024143,6.778508,2.6322022,16,3,25.202189,10.911020685714286,4.250957499999998,11.750490925000001,19.8796025,48.29626266589897,0.48427,0.11,3960.0,58.539443,0.5362486,3754.3689,210.82966,85.789398,7.5593215,4437.9583,90.420854
56.66112,33.818189,26.268161,3.2231402,6.5075976,2.2142946,11,3,32.818189,16.709568885714283,4.9138679,15.603309449999998,23.4166921,24.881917851193815,0.6077002,0.11,3960.0,33.674078,0.3934624,5374.2718,221.43767,85.912269,7.5535238,5746.254,81.589184
56.18112,21.822989,35.628161,2.718753,12.652083,3.2371786,14,6,20.822989,9.150343285714285,4.526982499999999,9.73180625,23.5635775,46.95393870995318,0.8092948,0.11,3960.0,49.359596,1.0490966,2776.5299,305.03272,80.926755,15.107058,4445.7864,90.851791
56.30112,30.771789,25.788161,2.0948498,8.6159618,2.9814576,13,3,29.771789,16.790149685714283,4.148703699999999,14.36218205,24.0018563,25.278687712351967,0.5746206,0.11,3960.0,29.647968,0.5235498,4003.2741,219.48355,87.022271,7.554301,4536.2105,86.819313
56.90112,27.915789,36.588161,3.4753338,8.4353548,4.7028524,10,4,26.915789,11.989181685714286,6.057310699999999,12.58906105,22.3932493,40.32505989594492,0.8289798,0.11,3960.0,44.425898,0.7342108,3745.9358,288.0114,88.387461,10.068844,4383.2485,90.673959
57.04512,24.374349,30.780161,2.7261314,8.0712309,4.6087785,8,5,23.374349,10.957986485714285,8.264154599999998,11.00564165,20.2584054,52.21433689782815,0.7469692,0.11,3960.0,56.622754,0.5173907,6621.0151,358.73339,90.891561,12.589239,7796.8839,92.485287
56.44512,27.230349,19.980161,2.8465117,10.786468,2.5327316,13,4,26.230349,12.757225885714284,3.8209175,12.403546575,24.4016425,26.596760963859563,0.4762038,0.11,3960.0,29.583689,0.4514342,6052.1828,286.11135,87.566249,10.067443,6870.2395,87.658866
48.16512,28.563149,38.94016,2.4014504,5.7539423,4.3731084,6,4,27.563149,14.599348485714286,4.047043200000001,13.1812119,20.0355168,37.03002218787073,0.6472613,0.11,3960.0,44.830954,0.473222,6225.2874,308.49841,91.17725,10.070365,6741.5304,89.745216
56.68512,21.327949,30.300161,3.0987052,12.714225,2.0212896,12,6,20.327949,8.036838885714287,4.964360499999998,9.3892982,23.3781995,33.641557214787696,0.6652119,0.11,3960.0,35.976332,0.6461959,5407.6733,365.93441,85.79397,15.106909,6648.1554,88.366225
57.40512,27.420749,31.260161,2.3544218,5.9628667,3.8416154,6,4,26.420749,13.877405685714285,9.029318799999999,12.621769050000001,19.6732412,33.63810036784701,0.7351288,0.11,3960.0,40.733041,0.360225,8217.7923,309.99709,91.949118,10.065356,8863.0213,91.153096
56.80512,30.276749,20.460162,2.474802,8.6781041,4.7655685,12,4,29.276749,15.676645285714285,4.586081400000001,14.019674,23.8164786,41.677818410209575,0.5381134,0.11,3960.0,46.371999,0.538887,5020.1144,283.29568,88.933853,10.059011,5956.0887,91.205335
59.46912,24.260109,18.01216,2.1201755,13.416909,3.7199609,14,4,23.260109,12.088298285714284,4.187596499999998,11.100010625,25.5469635,27.810298989870162,0.4883313,0.11,3960.0,29.171882,0.4079848,5770.4394,246.53666,86.356754,10.070376,7761.1289,89.929408
58.50912,24.069709,36.732161,2.6131295,10.775141,2.0564252,24,4,23.069709,10.966390285714287,6.444564500000002,10.881572125,22.8099955,51.61667092812002,0.9173079,0.11,3960.0,57.033644,1.1235619,1843.8116,216.94126,73.362562,10.071148,2426.0821,
45.42912,24.450509,29.29216,3.1286527,5.8814787,4.3031601,7,3,23.450509,10.207343885714286,4.607826799999998,10.943091325000001,18.1067332,40.18028312582889,0.4658564,0.11,3960.0,46.411384,0.2566215,8612.4333,231.44485,91.325959,7.5527816,9326.5475,90.437658
56.94912,26.735309,14.652161,3.2255997,8.3139802,4.6714945,10,3,25.735309,11.645449885714285,6.7929253,12.061254575,21.6816347,32.79350600115896,0.4091481,0.11,3960.0,35.943631,0.2056302,10415.846,224.29006,90.644056,7.5466014,10000.0,87.943286
58.41312,26.430669,20.604161,3.1125978,11.01789,2.1191412,25,3,25.430669,11.653853685714289,4.973335500000001,11.93718505,24.2332245,36.260831094899316,0.5521127,0.11,3960.0,40.383754,0.5809386,3106.6116,188.99305,79.825178,7.5534546,3870.7659,
56.61312,34.998669,18.204161,3.4728743,6.6289722,2.2456526,12,6,33.998669,17.053300685714284,4.1782533000000015,16.131115925,24.1283067,51.38769685064558,,0.11,3960.0,,,,,,,,
58.05312,23.384269,20.124161,3.4843074,13.126255,2.8863043,27,3,22.384269,8.734434485714285,4.208170499999998,10.32105765,24.818389500000002,37.860918694893236,0.5402422,0.11,3960.0,40.143141,0.6039746,2519.4023,159.34735,76.103576,7.5535091,3739.5285,
59.97312,23.765069,12.68416,2.5001277,13.479052,2.5040719,13,4,22.765069,10.974793885714286,4.624973499999999,10.757502575,25.3615865,21.793756381992967,0.378477,0.11,3960.0,23.222669,0.2432084,10385.38,264.50235,87.332015,10.073619,10000.0,85.804011
56.63712,22.508429,22.236161,3.3475752,10.30097,2.4072995,11,7,21.508429,8.382298885714286,6.763375500000002,9.9173207,21.5551845,49.49738457438567,0.5956664,0.11,3960.0,54.156131,0.5853479,7055.9134,432.5098,88.532633,17.623564,8890.5527,91.298526
56.15712,34.313229,31.59616,2.843188,6.4454553,3.4301836,13,3,33.313229,17.823073285714287,4.476490200000001,15.9458175,23.6020698,34.21046023164031,0.7176921,0.11,3960.0,44.293357,0.7606392,2766.5272,220.36483,86.500071,7.5535338,3154.3824,
56.75712,31.457229,12.396161,2.723672,6.2648483,2.1515785,10,5,30.457229,16.022105285714286,6.385097200000001,14.5476965,21.9934628,42.29863956508487,0.398574,0.11,3960.0,56.795201,0.2660043,13437.671,374.31847,88.29695,12.587912,10000.0,85.920703
56.39712,28.410829,11.91616,3.0953816,8.3732125,2.9187416,12,5,27.410829,13.102686085714286,5.619933000000003,12.931569099999999,22.578626999999997,43.708307275573105,0.3898886,0.11,3960.0,50.796069,0.3445283,9836.4364,354.88797,89.908469,12.589957,10000.0,89.49771
